pdb_chain;seq;Uniprot_id;prot_seq;predict_probability;predict;Z_Score;p_value;Entry;Gene
P30403_pep_9;LRPGAQCGEGLCCEQCK;P00749;MRALLARLLLCVLVVSDSKGSNELHQVPSNCDCLNGGTCVSNKYFSNIHWCNCPKKFGGQHCEIDKSKTCYEGNGHFYRGKASTDTMGRPCLPWNSATVLQQTYHAHRSDALQLGLGKHNYCRNPDNRRRPWCYVQVGLKLLVQECMVHDCADGKKPSSPPEELKFQCGQKTLRPRFKIIGGEFTTIENQPWFAAIYRRHRGGSVTYVCGGSLISPCWVISATHCFIDYPKKEDYIVYLGRSRLNSNTQGEMKFEVENLILHKDYSADTLAHHNDIALLKIRSKEGRCAQPSRTIQTICLPSMYNDPQFGTSCEITGFGKENSTDYLYPEQLKMTVVKLISHRECQQPHYYGSEVTTKMLCAADPQWKTDSCQGDSGGPLVCSLQGRMTLTGIVSWGRGCALKDKPGVYTRVSHFLPWIRSHTKEENGLAL;9898045;1;2,29212E+15;1,09494E+14;P00749;PLAU
P30403_pep_9;LRPGAQCGEGLCCEQCK;Q8NBP7;MGTVSSRRSWWPLPLLLLLLLLLGPAGARAQEDEDGDYEELVLALRSEEDGLAEAPEHGTTATFHRCAKDPWRLPGTYVVVLKEETHLSQSERTARRLQAQAARRGYLTKILHVFHGLLPGFLVKMSGDLLELALKLPHVDYIEEDSSVFAQSIPWNLERITPPRYRADEYQPPDGGSLVEVYLLDTSIQSDHREIEGRVMVTDFENVPEEDGTRFHRQASKCDSHGTHLAGVVSGRDAGVAKGASMRSLRVLNCQGKGTVSGTLIGLEFIRKSQLVQPVGPLVVLLPLAGGYSRVLNAACQRLARAGVVLVTAAGNFRDDACLYSPASAPEVITVGATNAQDQPVTLGTLGTNFGRCVDLFAPGEDIIGASSDCSTCFVSQSGTSQAAAHVAGIAAMMLSAEPELTLAELRQRLIHFSAKDVINEAWFPEDQRVLTPNLVAALPPSTHGAGWQLFCRTVWSAHSGPTRMATAVARCAPDEELLSCSSFSRSGKRRGERMEAQGGKLVCRAHNAFGGEGVYAIARCCLLPQANCSVHTAPPAEASMGTRVHCHQQGHVLTGCSSHWEVEDLGTHKPPVLRPRGQPNQCVGHREASIHASCCHAPGLECKVKEHGIPAPQEQVTVACEEGWTLTGCSALPGTSHVLGAYAVDNTCVVRSRDVSTTGSTSEGAVTAVAICCRSRHLAQASQELQ;9887538;1;2,24653E+16;1,23351E+14;Q8NBP7;PCSK9
P0CB14_pep_7;DFDGNTVGLAFVGGICNEKYCAGVVQDHTK;Q9NWT6;MAATAAEAVASGSGEPREEAGALGPAWDESQLRSYSFPTRPIPRLSQSDPRAEELIENEEPVVLTDTNLVYPALKWDLEYLQENIGNGDFSVYSASTHKFLYYDEKKMANFQNFKPRSNREEMKFHEFVEKLQDIQQRGGEERLYLQQTLNDTVGRKIVMDFLGFNWNWINKQQGKRGWGQLTSNLLLIGMEGNVTPAHYDEQQNFFAQIKGYKRCILFPPDQFECLYPYPVHHPCDRQSQVDFDNPDYERFPNFQNVVGYETVVGPGDVLYIPMYWWHHIESLLNGGITITVNFWYKGAPTPKRIEYPLKAHQKVAIMRNIEKMLGEALGNPQEVGPLLNTMIKGRYN;98830366;1;2,227E+15;1,29737E+14;Q9NWT6;HIF1AN
P47797_pep_1;LDSCHCDSGGPLICSEEFHGIVYR;Q9NZQ7;MRIFAVFIFMTYWHLLNAFTVTVPKDLYVVEYGSNMTIECKFPVEKQLDLAALIVYWEMEDKNIIQFVHGEEDLKVQHSSYRQRARLLKDQLSLGNAALQITDVKLQDAGVYRCMISYGGADYKRITVKVNAPYNKINQRILVVDPVTSEHELTCQAEGYPKAEVIWTSSDHQVLSGKTTTTNSKREEKLFNVTSTLRINTTTNEIFYCTFRRLDPEENHTAELVIPELPLAHPPNERTHLVILGAILLCLGVALTFIFRLRKGRMMDVKKCGIQDTNSKKQSDTHLEET;9880655;1;2,21666E+16;1,3323E+14;Q9NZQ7;CD274
P26324_pep_3;DSCNSDSGGPLICNEELHGIVAR;A0A5B9;DLKNVFPPKVAVFEPSEAEISHTQKATLVCLATGFYPDHVELSWWVNGKEVHSGVSTDPQPLKEQPALNDSRYCLSSRLRVSATFWQNPRNHFRCQVQFYGLSENDEWTQDRAKPVTQIVSAEAWGRADCGFTSESYQQGVLSATILYEILLGKATLYAVLVSALVLMAMVKRKDSRG;987981;1;2,213E+16;1,34489E+14;A0A5B9;TRBC2
P30403_pep_9;LRPGAQCGEGLCCEQCK;Q9NWT6;MAATAAEAVASGSGEPREEAGALGPAWDESQLRSYSFPTRPIPRLSQSDPRAEELIENEEPVVLTDTNLVYPALKWDLEYLQENIGNGDFSVYSASTHKFLYYDEKKMANFQNFKPRSNREEMKFHEFVEKLQDIQQRGGEERLYLQQTLNDTVGRKIVMDFLGFNWNWINKQQGKRGWGQLTSNLLLIGMEGNVTPAHYDEQQNFFAQIKGYKRCILFPPDQFECLYPYPVHHPCDRQSQVDFDNPDYERFPNFQNVVGYETVVGPGDVLYIPMYWWHHIESLLNGGITITVNFWYKGAPTPKRIEYPLKAHQKVAIMRNIEKMLGEALGNPQEVGPLLNTMIKGRYN;98782885;1;2,2064E+15;1,36781E+14;Q9NWT6;HIF1AN
P0CB14_pep_7;DFDGNTVGLAFVGGICNEKYCAGVVQDHTK;Q9NZQ7;MRIFAVFIFMTYWHLLNAFTVTVPKDLYVVEYGSNMTIECKFPVEKQLDLAALIVYWEMEDKNIIQFVHGEEDLKVQHSSYRQRARLLKDQLSLGNAALQITDVKLQDAGVYRCMISYGGADYKRITVKVNAPYNKINQRILVVDPVTSEHELTCQAEGYPKAEVIWTSSDHQVLSGKTTTTNSKREEKLFNVTSTLRINTTTNEIFYCTFRRLDPEENHTAELVIPELPLAHPPNERTHLVILGAILLCLGVALTFIFRLRKGRMMDVKKCGIQDTNSKKQSDTHLEET;98781824;1;2,20594E+15;1,36942E+14;Q9NZQ7;CD274
P30403_pep_9;LRPGAQCGEGLCCEQCK;Q9NZQ7;MRIFAVFIFMTYWHLLNAFTVTVPKDLYVVEYGSNMTIECKFPVEKQLDLAALIVYWEMEDKNIIQFVHGEEDLKVQHSSYRQRARLLKDQLSLGNAALQITDVKLQDAGVYRCMISYGGADYKRITVKVNAPYNKINQRILVVDPVTSEHELTCQAEGYPKAEVIWTSSDHQVLSGKTTTTNSKREEKLFNVTSTLRINTTTNEIFYCTFRRLDPEENHTAELVIPELPLAHPPNERTHLVILGAILLCLGVALTFIFRLRKGRMMDVKKCGIQDTNSKKQSDTHLEET;98761195;1;2,19699E+15;1,40107E+14;Q9NZQ7;CD274
Q9I841_pep_1;AQENGAHLASIESNGEADFVSWLISQK;Q9NWT6;MAATAAEAVASGSGEPREEAGALGPAWDESQLRSYSFPTRPIPRLSQSDPRAEELIENEEPVVLTDTNLVYPALKWDLEYLQENIGNGDFSVYSASTHKFLYYDEKKMANFQNFKPRSNREEMKFHEFVEKLQDIQQRGGEERLYLQQTLNDTVGRKIVMDFLGFNWNWINKQQGKRGWGQLTSNLLLIGMEGNVTPAHYDEQQNFFAQIKGYKRCILFPPDQFECLYPYPVHHPCDRQSQVDFDNPDYERFPNFQNVVGYETVVGPGDVLYIPMYWWHHIESLLNGGITITVNFWYKGAPTPKRIEYPLKAHQKVAIMRNIEKMLGEALGNPQEVGPLLNTMIKGRYN;98710454;1;2,17497E+16;1,48162E+14;Q9NWT6;HIF1AN
P26324_pep_1;GPNPCAQPNKPALYTSIYDYR;Q9NWT6;MAATAAEAVASGSGEPREEAGALGPAWDESQLRSYSFPTRPIPRLSQSDPRAEELIENEEPVVLTDTNLVYPALKWDLEYLQENIGNGDFSVYSASTHKFLYYDEKKMANFQNFKPRSNREEMKFHEFVEKLQDIQQRGGEERLYLQQTLNDTVGRKIVMDFLGFNWNWINKQQGKRGWGQLTSNLLLIGMEGNVTPAHYDEQQNFFAQIKGYKRCILFPPDQFECLYPYPVHHPCDRQSQVDFDNPDYERFPNFQNVVGYETVVGPGDVLYIPMYWWHHIESLLNGGITITVNFWYKGAPTPKRIEYPLKAHQKVAIMRNIEKMLGEALGNPQEVGPLLNTMIKGRYN;987023;1;2,17143E+15;1,49493E+14;Q9NWT6;HIF1AN
A0A0H3U266_pep_2;GEILCGETNPCLNQACECDK;Q9NZQ7;MRIFAVFIFMTYWHLLNAFTVTVPKDLYVVEYGSNMTIECKFPVEKQLDLAALIVYWEMEDKNIIQFVHGEEDLKVQHSSYRQRARLLKDQLSLGNAALQITDVKLQDAGVYRCMISYGGADYKRITVKVNAPYNKINQRILVVDPVTSEHELTCQAEGYPKAEVIWTSSDHQVLSGKTTTTNSKREEKLFNVTSTLRINTTTNEIFYCTFRRLDPEENHTAELVIPELPLAHPPNERTHLVILGAILLCLGVALTFIFRLRKGRMMDVKKCGIQDTNSKKQSDTHLEET;9868439;1;2,16366E+15;1,52452E+14;Q9NZQ7;CD274
Q9PVF4_pep_2;GEILCGETNPCLNQACECDK;Q9NZQ7;MRIFAVFIFMTYWHLLNAFTVTVPKDLYVVEYGSNMTIECKFPVEKQLDLAALIVYWEMEDKNIIQFVHGEEDLKVQHSSYRQRARLLKDQLSLGNAALQITDVKLQDAGVYRCMISYGGADYKRITVKVNAPYNKINQRILVVDPVTSEHELTCQAEGYPKAEVIWTSSDHQVLSGKTTTTNSKREEKLFNVTSTLRINTTTNEIFYCTFRRLDPEENHTAELVIPELPLAHPPNERTHLVILGAILLCLGVALTFIFRLRKGRMMDVKKCGIQDTNSKKQSDTHLEET;9868439;1;2,16366E+15;1,52452E+14;Q9NZQ7;CD274
P0CB14_pep_7;DFDGNTVGLAFVGGICNEKYCAGVVQDHTK;A0A5B9;DLKNVFPPKVAVFEPSEAEISHTQKATLVCLATGFYPDHVELSWWVNGKEVHSGVSTDPQPLKEQPALNDSRYCLSSRLRVSATFWQNPRNHFRCQVQFYGLSENDEWTQDRAKPVTQIVSAEAWGRADCGFTSESYQQGVLSATILYEILLGKATLYAVLVSALVLMAMVKRKDSRG;9865898;1;2,15264E+15;1,56736E+14;A0A5B9;TRBC2
P26324_pep_3;DSCNSDSGGPLICNEELHGIVAR;Q9NZQ7;MRIFAVFIFMTYWHLLNAFTVTVPKDLYVVEYGSNMTIECKFPVEKQLDLAALIVYWEMEDKNIIQFVHGEEDLKVQHSSYRQRARLLKDQLSLGNAALQITDVKLQDAGVYRCMISYGGADYKRITVKVNAPYNKINQRILVVDPVTSEHELTCQAEGYPKAEVIWTSSDHQVLSGKTTTTNSKREEKLFNVTSTLRINTTTNEIFYCTFRRLDPEENHTAELVIPELPLAHPPNERTHLVILGAILLCLGVALTFIFRLRKGRMMDVKKCGIQDTNSKKQSDTHLEET;9865189;1;2,14956E+14;1,5795E+14;Q9NZQ7;CD274
P26324_pep_1;GPNPCAQPNKPALYTSIYDYR;P00749;MRALLARLLLCVLVVSDSKGSNELHQVPSNCDCLNGGTCVSNKYFSNIHWCNCPKKFGGQHCEIDKSKTCYEGNGHFYRGKASTDTMGRPCLPWNSATVLQQTYHAHRSDALQLGLGKHNYCRNPDNRRRPWCYVQVGLKLLVQECMVHDCADGKKPSSPPEELKFQCGQKTLRPRFKIIGGEFTTIENQPWFAAIYRRHRGGSVTYVCGGSLISPCWVISATHCFIDYPKKEDYIVYLGRSRLNSNTQGEMKFEVENLILHKDYSADTLAHHNDIALLKIRSKEGRCAQPSRTIQTICLPSMYNDPQFGTSCEITGFGKENSTDYLYPEQLKMTVVKLISHRECQQPHYYGSEVTTKMLCAADPQWKTDSCQGDSGGPLVCSLQGRMTLTGIVSWGRGCALKDKPGVYTRVSHFLPWIRSHTKEENGLAL;9864227;1;2,14539E+16;1,5961E+13;P00749;PLAU
P30403_pep_5;HDGEYCTCYGSSECIMSSHISDPPSK;Q9NWT6;MAATAAEAVASGSGEPREEAGALGPAWDESQLRSYSFPTRPIPRLSQSDPRAEELIENEEPVVLTDTNLVYPALKWDLEYLQENIGNGDFSVYSASTHKFLYYDEKKMANFQNFKPRSNREEMKFHEFVEKLQDIQQRGGEERLYLQQTLNDTVGRKIVMDFLGFNWNWINKQQGKRGWGQLTSNLLLIGMEGNVTPAHYDEQQNFFAQIKGYKRCILFPPDQFECLYPYPVHHPCDRQSQVDFDNPDYERFPNFQNVVGYETVVGPGDVLYIPMYWWHHIESLLNGGITITVNFWYKGAPTPKRIEYPLKAHQKVAIMRNIEKMLGEALGNPQEVGPLLNTMIKGRYN;98627543;1;2,139E+15;1,6218E+14;Q9NWT6;HIF1AN
P30403_pep_4;HDGEYCTCYGSSECIMSSHISDPPSK;Q9NWT6;MAATAAEAVASGSGEPREEAGALGPAWDESQLRSYSFPTRPIPRLSQSDPRAEELIENEEPVVLTDTNLVYPALKWDLEYLQENIGNGDFSVYSASTHKFLYYDEKKMANFQNFKPRSNREEMKFHEFVEKLQDIQQRGGEERLYLQQTLNDTVGRKIVMDFLGFNWNWINKQQGKRGWGQLTSNLLLIGMEGNVTPAHYDEQQNFFAQIKGYKRCILFPPDQFECLYPYPVHHPCDRQSQVDFDNPDYERFPNFQNVVGYETVVGPGDVLYIPMYWWHHIESLLNGGITITVNFWYKGAPTPKRIEYPLKAHQKVAIMRNIEKMLGEALGNPQEVGPLLNTMIKGRYN;98627543;1;2,139E+15;1,6218E+14;Q9NWT6;HIF1AN
P47797_pep_1;LDSCHCDSGGPLICSEEFHGIVYR;Q9NWT6;MAATAAEAVASGSGEPREEAGALGPAWDESQLRSYSFPTRPIPRLSQSDPRAEELIENEEPVVLTDTNLVYPALKWDLEYLQENIGNGDFSVYSASTHKFLYYDEKKMANFQNFKPRSNREEMKFHEFVEKLQDIQQRGGEERLYLQQTLNDTVGRKIVMDFLGFNWNWINKQQGKRGWGQLTSNLLLIGMEGNVTPAHYDEQQNFFAQIKGYKRCILFPPDQFECLYPYPVHHPCDRQSQVDFDNPDYERFPNFQNVVGYETVVGPGDVLYIPMYWWHHIESLLNGGITITVNFWYKGAPTPKRIEYPLKAHQKVAIMRNIEKMLGEALGNPQEVGPLLNTMIKGRYN;9862726;1;2,13887E+16;1,62229E+14;Q9NWT6;HIF1AN
Q9PVE9_pep_3;SGFFWYSFYGCYCGWGGHGLPQDPTDR;Q9NZQ7;MRIFAVFIFMTYWHLLNAFTVTVPKDLYVVEYGSNMTIECKFPVEKQLDLAALIVYWEMEDKNIIQFVHGEEDLKVQHSSYRQRARLLKDQLSLGNAALQITDVKLQDAGVYRCMISYGGADYKRITVKVNAPYNKINQRILVVDPVTSEHELTCQAEGYPKAEVIWTSSDHQVLSGKTTTTNSKREEKLFNVTSTLRINTTTNEIFYCTFRRLDPEENHTAELVIPELPLAHPPNERTHLVILGAILLCLGVALTFIFRLRKGRMMDVKKCGIQDTNSKKQSDTHLEET;98627067;1;2,13879E+15;1,62263E+14;Q9NZQ7;CD274
P47797_pep_1;LDSCHCDSGGPLICSEEFHGIVYR;P00749;MRALLARLLLCVLVVSDSKGSNELHQVPSNCDCLNGGTCVSNKYFSNIHWCNCPKKFGGQHCEIDKSKTCYEGNGHFYRGKASTDTMGRPCLPWNSATVLQQTYHAHRSDALQLGLGKHNYCRNPDNRRRPWCYVQVGLKLLVQECMVHDCADGKKPSSPPEELKFQCGQKTLRPRFKIIGGEFTTIENQPWFAAIYRRHRGGSVTYVCGGSLISPCWVISATHCFIDYPKKEDYIVYLGRSRLNSNTQGEMKFEVENLILHKDYSADTLAHHNDIALLKIRSKEGRCAQPSRTIQTICLPSMYNDPQFGTSCEITGFGKENSTDYLYPEQLKMTVVKLISHRECQQPHYYGSEVTTKMLCAADPQWKTDSCQGDSGGPLVCSLQGRMTLTGIVSWGRGCALKDKPGVYTRVSHFLPWIRSHTKEENGLAL;98580766;1;2,1187E+16;1,70579E+12;P00749;PLAU
P30403_pep_12;ECDCSSPENPCCDAATCK;P00749;MRALLARLLLCVLVVSDSKGSNELHQVPSNCDCLNGGTCVSNKYFSNIHWCNCPKKFGGQHCEIDKSKTCYEGNGHFYRGKASTDTMGRPCLPWNSATVLQQTYHAHRSDALQLGLGKHNYCRNPDNRRRPWCYVQVGLKLLVQECMVHDCADGKKPSSPPEELKFQCGQKTLRPRFKIIGGEFTTIENQPWFAAIYRRHRGGSVTYVCGGSLISPCWVISATHCFIDYPKKEDYIVYLGRSRLNSNTQGEMKFEVENLILHKDYSADTLAHHNDIALLKIRSKEGRCAQPSRTIQTICLPSMYNDPQFGTSCEITGFGKENSTDYLYPEQLKMTVVKLISHRECQQPHYYGSEVTTKMLCAADPQWKTDSCQGDSGGPLVCSLQGRMTLTGIVSWGRGCALKDKPGVYTRVSHFLPWIRSHTKEENGLAL;9857867;1;2,11779E+15;1,70964E+14;P00749;PLAU
A0A0H3U266_pep_3;FEKGEILCGETNPCLNQACECDK;Q9NZQ7;MRIFAVFIFMTYWHLLNAFTVTVPKDLYVVEYGSNMTIECKFPVEKQLDLAALIVYWEMEDKNIIQFVHGEEDLKVQHSSYRQRARLLKDQLSLGNAALQITDVKLQDAGVYRCMISYGGADYKRITVKVNAPYNKINQRILVVDPVTSEHELTCQAEGYPKAEVIWTSSDHQVLSGKTTTTNSKREEKLFNVTSTLRINTTTNEIFYCTFRRLDPEENHTAELVIPELPLAHPPNERTHLVILGAILLCLGVALTFIFRLRKGRMMDVKKCGIQDTNSKKQSDTHLEET;9857296;1;2,11531E+16;1,72016E+14;Q9NZQ7;CD274
Q9PVF4_pep_3;FEKGEILCGETNPCLNQACECDK;Q9NZQ7;MRIFAVFIFMTYWHLLNAFTVTVPKDLYVVEYGSNMTIECKFPVEKQLDLAALIVYWEMEDKNIIQFVHGEEDLKVQHSSYRQRARLLKDQLSLGNAALQITDVKLQDAGVYRCMISYGGADYKRITVKVNAPYNKINQRILVVDPVTSEHELTCQAEGYPKAEVIWTSSDHQVLSGKTTTTNSKREEKLFNVTSTLRINTTTNEIFYCTFRRLDPEENHTAELVIPELPLAHPPNERTHLVILGAILLCLGVALTFIFRLRKGRMMDVKKCGIQDTNSKKQSDTHLEET;9857296;1;2,11531E+16;1,72016E+14;Q9NZQ7;CD274
P0CB14_pep_8;VPLLMAITMGHEIGHNLGMEHDEANCK;A0A5B9;DLKNVFPPKVAVFEPSEAEISHTQKATLVCLATGFYPDHVELSWWVNGKEVHSGVSTDPQPLKEQPALNDSRYCLSSRLRVSATFWQNPRNHFRCQVQFYGLSENDEWTQDRAKPVTQIVSAEAWGRADCGFTSESYQQGVLSATILYEILLGKATLYAVLVSALVLMAMVKRKDSRG;9856441;1;2,1116E+16;1,73602E+14;A0A5B9;TRBC2
P0CB14_pep_9;VPLLMAITMGHEIGHNLGMEHDEANCK;A0A5B9;DLKNVFPPKVAVFEPSEAEISHTQKATLVCLATGFYPDHVELSWWVNGKEVHSGVSTDPQPLKEQPALNDSRYCLSSRLRVSATFWQNPRNHFRCQVQFYGLSENDEWTQDRAKPVTQIVSAEAWGRADCGFTSESYQQGVLSATILYEILLGKATLYAVLVSALVLMAMVKRKDSRG;9856441;1;2,1116E+16;1,73602E+14;A0A5B9;TRBC2
Q9PVE9_pep_3;SGFFWYSFYGCYCGWGGHGLPQDPTDR;P00749;MRALLARLLLCVLVVSDSKGSNELHQVPSNCDCLNGGTCVSNKYFSNIHWCNCPKKFGGQHCEIDKSKTCYEGNGHFYRGKASTDTMGRPCLPWNSATVLQQTYHAHRSDALQLGLGKHNYCRNPDNRRRPWCYVQVGLKLLVQECMVHDCADGKKPSSPPEELKFQCGQKTLRPRFKIIGGEFTTIENQPWFAAIYRRHRGGSVTYVCGGSLISPCWVISATHCFIDYPKKEDYIVYLGRSRLNSNTQGEMKFEVENLILHKDYSADTLAHHNDIALLKIRSKEGRCAQPSRTIQTICLPSMYNDPQFGTSCEITGFGKENSTDYLYPEQLKMTVVKLISHRECQQPHYYGSEVTTKMLCAADPQWKTDSCQGDSGGPLVCSLQGRMTLTGIVSWGRGCALKDKPGVYTRVSHFLPWIRSHTKEENGLAL;9854893;1;2,10489E+16;1,76505E+14;P00749;PLAU
Q9PVE9_pep_3;SGFFWYSFYGCYCGWGGHGLPQDPTDR;Q9NWT6;MAATAAEAVASGSGEPREEAGALGPAWDESQLRSYSFPTRPIPRLSQSDPRAEELIENEEPVVLTDTNLVYPALKWDLEYLQENIGNGDFSVYSASTHKFLYYDEKKMANFQNFKPRSNREEMKFHEFVEKLQDIQQRGGEERLYLQQTLNDTVGRKIVMDFLGFNWNWINKQQGKRGWGQLTSNLLLIGMEGNVTPAHYDEQQNFFAQIKGYKRCILFPPDQFECLYPYPVHHPCDRQSQVDFDNPDYERFPNFQNVVGYETVVGPGDVLYIPMYWWHHIESLLNGGITITVNFWYKGAPTPKRIEYPLKAHQKVAIMRNIEKMLGEALGNPQEVGPLLNTMIKGRYN;985437;1;2,10262E+14;1,77496E+13;Q9NWT6;HIF1AN
P30403_pep_4;HDGEYCTCYGSSECIMSSHISDPPSK;Q8NBP7;MGTVSSRRSWWPLPLLLLLLLLLGPAGARAQEDEDGDYEELVLALRSEEDGLAEAPEHGTTATFHRCAKDPWRLPGTYVVVLKEETHLSQSERTARRLQAQAARRGYLTKILHVFHGLLPGFLVKMSGDLLELALKLPHVDYIEEDSSVFAQSIPWNLERITPPRYRADEYQPPDGGSLVEVYLLDTSIQSDHREIEGRVMVTDFENVPEEDGTRFHRQASKCDSHGTHLAGVVSGRDAGVAKGASMRSLRVLNCQGKGTVSGTLIGLEFIRKSQLVQPVGPLVVLLPLAGGYSRVLNAACQRLARAGVVLVTAAGNFRDDACLYSPASAPEVITVGATNAQDQPVTLGTLGTNFGRCVDLFAPGEDIIGASSDCSTCFVSQSGTSQAAAHVAGIAAMMLSAEPELTLAELRQRLIHFSAKDVINEAWFPEDQRVLTPNLVAALPPSTHGAGWQLFCRTVWSAHSGPTRMATAVARCAPDEELLSCSSFSRSGKRRGERMEAQGGKLVCRAHNAFGGEGVYAIARCCLLPQANCSVHTAPPAEASMGTRVHCHQQGHVLTGCSSHWEVEDLGTHKPPVLRPRGQPNQCVGHREASIHASCCHAPGLECKVKEHGIPAPQEQVTVACEEGWTLTGCSALPGTSHVLGAYAVDNTCVVRSRDVSTTGSTSEGAVTAVAICCRSRHLAQASQELQ;98543626;1;2,10259E+15;1,7751E+14;Q8NBP7;PCSK9
P30403_pep_5;HDGEYCTCYGSSECIMSSHISDPPSK;Q8NBP7;MGTVSSRRSWWPLPLLLLLLLLLGPAGARAQEDEDGDYEELVLALRSEEDGLAEAPEHGTTATFHRCAKDPWRLPGTYVVVLKEETHLSQSERTARRLQAQAARRGYLTKILHVFHGLLPGFLVKMSGDLLELALKLPHVDYIEEDSSVFAQSIPWNLERITPPRYRADEYQPPDGGSLVEVYLLDTSIQSDHREIEGRVMVTDFENVPEEDGTRFHRQASKCDSHGTHLAGVVSGRDAGVAKGASMRSLRVLNCQGKGTVSGTLIGLEFIRKSQLVQPVGPLVVLLPLAGGYSRVLNAACQRLARAGVVLVTAAGNFRDDACLYSPASAPEVITVGATNAQDQPVTLGTLGTNFGRCVDLFAPGEDIIGASSDCSTCFVSQSGTSQAAAHVAGIAAMMLSAEPELTLAELRQRLIHFSAKDVINEAWFPEDQRVLTPNLVAALPPSTHGAGWQLFCRTVWSAHSGPTRMATAVARCAPDEELLSCSSFSRSGKRRGERMEAQGGKLVCRAHNAFGGEGVYAIARCCLLPQANCSVHTAPPAEASMGTRVHCHQQGHVLTGCSSHWEVEDLGTHKPPVLRPRGQPNQCVGHREASIHASCCHAPGLECKVKEHGIPAPQEQVTVACEEGWTLTGCSALPGTSHVLGAYAVDNTCVVRSRDVSTTGSTSEGAVTAVAICCRSRHLAQASQELQ;98543626;1;2,10259E+15;1,7751E+14;Q8NBP7;PCSK9
P30403_pep_12;ECDCSSPENPCCDAATCK;Q8NBP7;MGTVSSRRSWWPLPLLLLLLLLLGPAGARAQEDEDGDYEELVLALRSEEDGLAEAPEHGTTATFHRCAKDPWRLPGTYVVVLKEETHLSQSERTARRLQAQAARRGYLTKILHVFHGLLPGFLVKMSGDLLELALKLPHVDYIEEDSSVFAQSIPWNLERITPPRYRADEYQPPDGGSLVEVYLLDTSIQSDHREIEGRVMVTDFENVPEEDGTRFHRQASKCDSHGTHLAGVVSGRDAGVAKGASMRSLRVLNCQGKGTVSGTLIGLEFIRKSQLVQPVGPLVVLLPLAGGYSRVLNAACQRLARAGVVLVTAAGNFRDDACLYSPASAPEVITVGATNAQDQPVTLGTLGTNFGRCVDLFAPGEDIIGASSDCSTCFVSQSGTSQAAAHVAGIAAMMLSAEPELTLAELRQRLIHFSAKDVINEAWFPEDQRVLTPNLVAALPPSTHGAGWQLFCRTVWSAHSGPTRMATAVARCAPDEELLSCSSFSRSGKRRGERMEAQGGKLVCRAHNAFGGEGVYAIARCCLLPQANCSVHTAPPAEASMGTRVHCHQQGHVLTGCSSHWEVEDLGTHKPPVLRPRGQPNQCVGHREASIHASCCHAPGLECKVKEHGIPAPQEQVTVACEEGWTLTGCSALPGTSHVLGAYAVDNTCVVRSRDVSTTGSTSEGAVTAVAICCRSRHLAQASQELQ;9853754;1;2,09995E+16;1,78668E+13;Q8NBP7;PCSK9
P30403_pep_4;HDGEYCTCYGSSECIMSSHISDPPSK;Q9NZQ7;MRIFAVFIFMTYWHLLNAFTVTVPKDLYVVEYGSNMTIECKFPVEKQLDLAALIVYWEMEDKNIIQFVHGEEDLKVQHSSYRQRARLLKDQLSLGNAALQITDVKLQDAGVYRCMISYGGADYKRITVKVNAPYNKINQRILVVDPVTSEHELTCQAEGYPKAEVIWTSSDHQVLSGKTTTTNSKREEKLFNVTSTLRINTTTNEIFYCTFRRLDPEENHTAELVIPELPLAHPPNERTHLVILGAILLCLGVALTFIFRLRKGRMMDVKKCGIQDTNSKKQSDTHLEET;98529494;1;2,09645E+15;1,80209E+14;Q9NZQ7;CD274
P30403_pep_5;HDGEYCTCYGSSECIMSSHISDPPSK;Q9NZQ7;MRIFAVFIFMTYWHLLNAFTVTVPKDLYVVEYGSNMTIECKFPVEKQLDLAALIVYWEMEDKNIIQFVHGEEDLKVQHSSYRQRARLLKDQLSLGNAALQITDVKLQDAGVYRCMISYGGADYKRITVKVNAPYNKINQRILVVDPVTSEHELTCQAEGYPKAEVIWTSSDHQVLSGKTTTTNSKREEKLFNVTSTLRINTTTNEIFYCTFRRLDPEENHTAELVIPELPLAHPPNERTHLVILGAILLCLGVALTFIFRLRKGRMMDVKKCGIQDTNSKKQSDTHLEET;98529494;1;2,09645E+15;1,80209E+14;Q9NZQ7;CD274
Q9PVE9_pep_2;TATYSYTEENDGIVCGGDDPCKK;P00749;MRALLARLLLCVLVVSDSKGSNELHQVPSNCDCLNGGTCVSNKYFSNIHWCNCPKKFGGQHCEIDKSKTCYEGNGHFYRGKASTDTMGRPCLPWNSATVLQQTYHAHRSDALQLGLGKHNYCRNPDNRRRPWCYVQVGLKLLVQECMVHDCADGKKPSSPPEELKFQCGQKTLRPRFKIIGGEFTTIENQPWFAAIYRRHRGGSVTYVCGGSLISPCWVISATHCFIDYPKKEDYIVYLGRSRLNSNTQGEMKFEVENLILHKDYSADTLAHHNDIALLKIRSKEGRCAQPSRTIQTICLPSMYNDPQFGTSCEITGFGKENSTDYLYPEQLKMTVVKLISHRECQQPHYYGSEVTTKMLCAADPQWKTDSCQGDSGGPLVCSLQGRMTLTGIVSWGRGCALKDKPGVYTRVSHFLPWIRSHTKEENGLAL;98521096;1;2,09281E+15;1,8183E+14;P00749;PLAU
P30403_pep_6;SVGIVQNYHGITLNVAAIMAHEMGHNLGVR;A0A5B9;DLKNVFPPKVAVFEPSEAEISHTQKATLVCLATGFYPDHVELSWWVNGKEVHSGVSTDPQPLKEQPALNDSRYCLSSRLRVSATFWQNPRNHFRCQVQFYGLSENDEWTQDRAKPVTQIVSAEAWGRADCGFTSESYQQGVLSATILYEILLGKATLYAVLVSALVLMAMVKRKDSRG;9851195;1;2,08884E+15;1,8361E+14;A0A5B9;TRBC2
P26324_pep_1;GPNPCAQPNKPALYTSIYDYR;Q8NBP7;MGTVSSRRSWWPLPLLLLLLLLLGPAGARAQEDEDGDYEELVLALRSEEDGLAEAPEHGTTATFHRCAKDPWRLPGTYVVVLKEETHLSQSERTARRLQAQAARRGYLTKILHVFHGLLPGFLVKMSGDLLELALKLPHVDYIEEDSSVFAQSIPWNLERITPPRYRADEYQPPDGGSLVEVYLLDTSIQSDHREIEGRVMVTDFENVPEEDGTRFHRQASKCDSHGTHLAGVVSGRDAGVAKGASMRSLRVLNCQGKGTVSGTLIGLEFIRKSQLVQPVGPLVVLLPLAGGYSRVLNAACQRLARAGVVLVTAAGNFRDDACLYSPASAPEVITVGATNAQDQPVTLGTLGTNFGRCVDLFAPGEDIIGASSDCSTCFVSQSGTSQAAAHVAGIAAMMLSAEPELTLAELRQRLIHFSAKDVINEAWFPEDQRVLTPNLVAALPPSTHGAGWQLFCRTVWSAHSGPTRMATAVARCAPDEELLSCSSFSRSGKRRGERMEAQGGKLVCRAHNAFGGEGVYAIARCCLLPQANCSVHTAPPAEASMGTRVHCHQQGHVLTGCSSHWEVEDLGTHKPPVLRPRGQPNQCVGHREASIHASCCHAPGLECKVKEHGIPAPQEQVTVACEEGWTLTGCSALPGTSHVLGAYAVDNTCVVRSRDVSTTGSTSEGAVTAVAICCRSRHLAQASQELQ;9850911;1;2,08761E+15;1,84165E+14;Q8NBP7;PCSK9
Q9PVE9_pep_4;RSGFFWYSFYGCYCGWGGHGLPQDPTDR;Q9NZQ7;MRIFAVFIFMTYWHLLNAFTVTVPKDLYVVEYGSNMTIECKFPVEKQLDLAALIVYWEMEDKNIIQFVHGEEDLKVQHSSYRQRARLLKDQLSLGNAALQITDVKLQDAGVYRCMISYGGADYKRITVKVNAPYNKINQRILVVDPVTSEHELTCQAEGYPKAEVIWTSSDHQVLSGKTTTTNSKREEKLFNVTSTLRINTTTNEIFYCTFRRLDPEENHTAELVIPELPLAHPPNERTHLVILGAILLCLGVALTFIFRLRKGRMMDVKKCGIQDTNSKKQSDTHLEET;98469675;1;2,0705E+15;1,92028E+14;Q9NZQ7;CD274
Q9PVF4_pep_3;FEKGEILCGETNPCLNQACECDK;A0A5B9;DLKNVFPPKVAVFEPSEAEISHTQKATLVCLATGFYPDHVELSWWVNGKEVHSGVSTDPQPLKEQPALNDSRYCLSSRLRVSATFWQNPRNHFRCQVQFYGLSENDEWTQDRAKPVTQIVSAEAWGRADCGFTSESYQQGVLSATILYEILLGKATLYAVLVSALVLMAMVKRKDSRG;9842653;1;2,05178E+15;2,00955E+14;A0A5B9;TRBC2
A0A0H3U266_pep_3;FEKGEILCGETNPCLNQACECDK;A0A5B9;DLKNVFPPKVAVFEPSEAEISHTQKATLVCLATGFYPDHVELSWWVNGKEVHSGVSTDPQPLKEQPALNDSRYCLSSRLRVSATFWQNPRNHFRCQVQFYGLSENDEWTQDRAKPVTQIVSAEAWGRADCGFTSESYQQGVLSATILYEILLGKATLYAVLVSALVLMAMVKRKDSRG;9842653;1;2,05178E+15;2,00955E+14;A0A5B9;TRBC2
A0A0H3U266_pep_2;GEILCGETNPCLNQACECDK;A0A5B9;DLKNVFPPKVAVFEPSEAEISHTQKATLVCLATGFYPDHVELSWWVNGKEVHSGVSTDPQPLKEQPALNDSRYCLSSRLRVSATFWQNPRNHFRCQVQFYGLSENDEWTQDRAKPVTQIVSAEAWGRADCGFTSESYQQGVLSATILYEILLGKATLYAVLVSALVLMAMVKRKDSRG;9842516;1;2,05119E+15;2,01244E+14;A0A5B9;TRBC2
Q9PVF4_pep_2;GEILCGETNPCLNQACECDK;A0A5B9;DLKNVFPPKVAVFEPSEAEISHTQKATLVCLATGFYPDHVELSWWVNGKEVHSGVSTDPQPLKEQPALNDSRYCLSSRLRVSATFWQNPRNHFRCQVQFYGLSENDEWTQDRAKPVTQIVSAEAWGRADCGFTSESYQQGVLSATILYEILLGKATLYAVLVSALVLMAMVKRKDSRG;9842516;1;2,05119E+15;2,01244E+14;A0A5B9;TRBC2
D2YW40_pep_1;TWEDAESFCYAQHK;P00749;MRALLARLLLCVLVVSDSKGSNELHQVPSNCDCLNGGTCVSNKYFSNIHWCNCPKKFGGQHCEIDKSKTCYEGNGHFYRGKASTDTMGRPCLPWNSATVLQQTYHAHRSDALQLGLGKHNYCRNPDNRRRPWCYVQVGLKLLVQECMVHDCADGKKPSSPPEELKFQCGQKTLRPRFKIIGGEFTTIENQPWFAAIYRRHRGGSVTYVCGGSLISPCWVISATHCFIDYPKKEDYIVYLGRSRLNSNTQGEMKFEVENLILHKDYSADTLAHHNDIALLKIRSKEGRCAQPSRTIQTICLPSMYNDPQFGTSCEITGFGKENSTDYLYPEQLKMTVVKLISHRECQQPHYYGSEVTTKMLCAADPQWKTDSCQGDSGGPLVCSLQGRMTLTGIVSWGRGCALKDKPGVYTRVSHFLPWIRSHTKEENGLAL;98419607;1;2,04878E+16;2,0242E+13;P00749;PLAU
Q9PVE9_pep_2;TATYSYTEENDGIVCGGDDPCKK;Q9NWT6;MAATAAEAVASGSGEPREEAGALGPAWDESQLRSYSFPTRPIPRLSQSDPRAEELIENEEPVVLTDTNLVYPALKWDLEYLQENIGNGDFSVYSASTHKFLYYDEKKMANFQNFKPRSNREEMKFHEFVEKLQDIQQRGGEERLYLQQTLNDTVGRKIVMDFLGFNWNWINKQQGKRGWGQLTSNLLLIGMEGNVTPAHYDEQQNFFAQIKGYKRCILFPPDQFECLYPYPVHHPCDRQSQVDFDNPDYERFPNFQNVVGYETVVGPGDVLYIPMYWWHHIESLLNGGITITVNFWYKGAPTPKRIEYPLKAHQKVAIMRNIEKMLGEALGNPQEVGPLLNTMIKGRYN;9840469;1;2,0423E+15;2,05607E+14;Q9NWT6;HIF1AN
P30403_pep_12;ECDCSSPENPCCDAATCK;Q9NWT6;MAATAAEAVASGSGEPREEAGALGPAWDESQLRSYSFPTRPIPRLSQSDPRAEELIENEEPVVLTDTNLVYPALKWDLEYLQENIGNGDFSVYSASTHKFLYYDEKKMANFQNFKPRSNREEMKFHEFVEKLQDIQQRGGEERLYLQQTLNDTVGRKIVMDFLGFNWNWINKQQGKRGWGQLTSNLLLIGMEGNVTPAHYDEQQNFFAQIKGYKRCILFPPDQFECLYPYPVHHPCDRQSQVDFDNPDYERFPNFQNVVGYETVVGPGDVLYIPMYWWHHIESLLNGGITITVNFWYKGAPTPKRIEYPLKAHQKVAIMRNIEKMLGEALGNPQEVGPLLNTMIKGRYN;9840389;1;2,04196E+15;2,05779E+14;Q9NWT6;HIF1AN
Q9I841_pep_1;AQENGAHLASIESNGEADFVSWLISQK;A0A5B9;DLKNVFPPKVAVFEPSEAEISHTQKATLVCLATGFYPDHVELSWWVNGKEVHSGVSTDPQPLKEQPALNDSRYCLSSRLRVSATFWQNPRNHFRCQVQFYGLSENDEWTQDRAKPVTQIVSAEAWGRADCGFTSESYQQGVLSATILYEILLGKATLYAVLVSALVLMAMVKRKDSRG;9836676;1;2,02585E+15;2,13902E+14;A0A5B9;TRBC2
D2YW39_pep_2;DFNCLPGWSAYDQHCYQAFNEPK;Q9NZQ7;MRIFAVFIFMTYWHLLNAFTVTVPKDLYVVEYGSNMTIECKFPVEKQLDLAALIVYWEMEDKNIIQFVHGEEDLKVQHSSYRQRARLLKDQLSLGNAALQITDVKLQDAGVYRCMISYGGADYKRITVKVNAPYNKINQRILVVDPVTSEHELTCQAEGYPKAEVIWTSSDHQVLSGKTTTTNSKREEKLFNVTSTLRINTTTNEIFYCTFRRLDPEENHTAELVIPELPLAHPPNERTHLVILGAILLCLGVALTFIFRLRKGRMMDVKKCGIQDTNSKKQSDTHLEET;98362064;1;2,02381E+15;2,14949E+14;Q9NZQ7;CD274
P47797_pep_1;LDSCHCDSGGPLICSEEFHGIVYR;Q8NBP7;MGTVSSRRSWWPLPLLLLLLLLLGPAGARAQEDEDGDYEELVLALRSEEDGLAEAPEHGTTATFHRCAKDPWRLPGTYVVVLKEETHLSQSERTARRLQAQAARRGYLTKILHVFHGLLPGFLVKMSGDLLELALKLPHVDYIEEDSSVFAQSIPWNLERITPPRYRADEYQPPDGGSLVEVYLLDTSIQSDHREIEGRVMVTDFENVPEEDGTRFHRQASKCDSHGTHLAGVVSGRDAGVAKGASMRSLRVLNCQGKGTVSGTLIGLEFIRKSQLVQPVGPLVVLLPLAGGYSRVLNAACQRLARAGVVLVTAAGNFRDDACLYSPASAPEVITVGATNAQDQPVTLGTLGTNFGRCVDLFAPGEDIIGASSDCSTCFVSQSGTSQAAAHVAGIAAMMLSAEPELTLAELRQRLIHFSAKDVINEAWFPEDQRVLTPNLVAALPPSTHGAGWQLFCRTVWSAHSGPTRMATAVARCAPDEELLSCSSFSRSGKRRGERMEAQGGKLVCRAHNAFGGEGVYAIARCCLLPQANCSVHTAPPAEASMGTRVHCHQQGHVLTGCSSHWEVEDLGTHKPPVLRPRGQPNQCVGHREASIHASCCHAPGLECKVKEHGIPAPQEQVTVACEEGWTLTGCSALPGTSHVLGAYAVDNTCVVRSRDVSTTGSTSEGAVTAVAICCRSRHLAQASQELQ;9835829;1;2,02217E+14;2,15793E+14;Q8NBP7;PCSK9
P26324_pep_1;GPNPCAQPNKPALYTSIYDYR;Q9NZQ7;MRIFAVFIFMTYWHLLNAFTVTVPKDLYVVEYGSNMTIECKFPVEKQLDLAALIVYWEMEDKNIIQFVHGEEDLKVQHSSYRQRARLLKDQLSLGNAALQITDVKLQDAGVYRCMISYGGADYKRITVKVNAPYNKINQRILVVDPVTSEHELTCQAEGYPKAEVIWTSSDHQVLSGKTTTTNSKREEKLFNVTSTLRINTTTNEIFYCTFRRLDPEENHTAELVIPELPLAHPPNERTHLVILGAILLCLGVALTFIFRLRKGRMMDVKKCGIQDTNSKKQSDTHLEET;9833394;1;2,01161E+15;2,21307E+14;Q9NZQ7;CD274
Q9PVE9_pep_4;RSGFFWYSFYGCYCGWGGHGLPQDPTDR;P00749;MRALLARLLLCVLVVSDSKGSNELHQVPSNCDCLNGGTCVSNKYFSNIHWCNCPKKFGGQHCEIDKSKTCYEGNGHFYRGKASTDTMGRPCLPWNSATVLQQTYHAHRSDALQLGLGKHNYCRNPDNRRRPWCYVQVGLKLLVQECMVHDCADGKKPSSPPEELKFQCGQKTLRPRFKIIGGEFTTIENQPWFAAIYRRHRGGSVTYVCGGSLISPCWVISATHCFIDYPKKEDYIVYLGRSRLNSNTQGEMKFEVENLILHKDYSADTLAHHNDIALLKIRSKEGRCAQPSRTIQTICLPSMYNDPQFGTSCEITGFGKENSTDYLYPEQLKMTVVKLISHRECQQPHYYGSEVTTKMLCAADPQWKTDSCQGDSGGPLVCSLQGRMTLTGIVSWGRGCALKDKPGVYTRVSHFLPWIRSHTKEENGLAL;98330855;1;2,01027E+15;2,22014E+13;P00749;PLAU
P30403_pep_12;ECDCSSPENPCCDAATCK;Q9NZQ7;MRIFAVFIFMTYWHLLNAFTVTVPKDLYVVEYGSNMTIECKFPVEKQLDLAALIVYWEMEDKNIIQFVHGEEDLKVQHSSYRQRARLLKDQLSLGNAALQITDVKLQDAGVYRCMISYGGADYKRITVKVNAPYNKINQRILVVDPVTSEHELTCQAEGYPKAEVIWTSSDHQVLSGKTTTTNSKREEKLFNVTSTLRINTTTNEIFYCTFRRLDPEENHTAELVIPELPLAHPPNERTHLVILGAILLCLGVALTFIFRLRKGRMMDVKKCGIQDTNSKKQSDTHLEET;9830488;1;1,999E+16;2,28043E+14;Q9NZQ7;CD274
Q9PVE9_pep_2;TATYSYTEENDGIVCGGDDPCKK;Q9NZQ7;MRIFAVFIFMTYWHLLNAFTVTVPKDLYVVEYGSNMTIECKFPVEKQLDLAALIVYWEMEDKNIIQFVHGEEDLKVQHSSYRQRARLLKDQLSLGNAALQITDVKLQDAGVYRCMISYGGADYKRITVKVNAPYNKINQRILVVDPVTSEHELTCQAEGYPKAEVIWTSSDHQVLSGKTTTTNSKREEKLFNVTSTLRINTTTNEIFYCTFRRLDPEENHTAELVIPELPLAHPPNERTHLVILGAILLCLGVALTFIFRLRKGRMMDVKKCGIQDTNSKKQSDTHLEET;98279184;1;1,98785E+15;2,34142E+14;Q9NZQ7;CD274
Q9PVE9_pep_4;RSGFFWYSFYGCYCGWGGHGLPQDPTDR;Q9NWT6;MAATAAEAVASGSGEPREEAGALGPAWDESQLRSYSFPTRPIPRLSQSDPRAEELIENEEPVVLTDTNLVYPALKWDLEYLQENIGNGDFSVYSASTHKFLYYDEKKMANFQNFKPRSNREEMKFHEFVEKLQDIQQRGGEERLYLQQTLNDTVGRKIVMDFLGFNWNWINKQQGKRGWGQLTSNLLLIGMEGNVTPAHYDEQQNFFAQIKGYKRCILFPPDQFECLYPYPVHHPCDRQSQVDFDNPDYERFPNFQNVVGYETVVGPGDVLYIPMYWWHHIESLLNGGITITVNFWYKGAPTPKRIEYPLKAHQKVAIMRNIEKMLGEALGNPQEVGPLLNTMIKGRYN;98269343;1;1,98358E+16;2,36514E+14;Q9NWT6;HIF1AN
P47797_pep_1;LDSCHCDSGGPLICSEEFHGIVYR;A0A5B9;DLKNVFPPKVAVFEPSEAEISHTQKATLVCLATGFYPDHVELSWWVNGKEVHSGVSTDPQPLKEQPALNDSRYCLSSRLRVSATFWQNPRNHFRCQVQFYGLSENDEWTQDRAKPVTQIVSAEAWGRADCGFTSESYQQGVLSATILYEILLGKATLYAVLVSALVLMAMVKRKDSRG;98264486;1;1,98147E+16;2,37692E+14;A0A5B9;TRBC2
Q9PVE9_pep_1;TATYSYTEENDGIVCGGDDPCK;Q9NWT6;MAATAAEAVASGSGEPREEAGALGPAWDESQLRSYSFPTRPIPRLSQSDPRAEELIENEEPVVLTDTNLVYPALKWDLEYLQENIGNGDFSVYSASTHKFLYYDEKKMANFQNFKPRSNREEMKFHEFVEKLQDIQQRGGEERLYLQQTLNDTVGRKIVMDFLGFNWNWINKQQGKRGWGQLTSNLLLIGMEGNVTPAHYDEQQNFFAQIKGYKRCILFPPDQFECLYPYPVHHPCDRQSQVDFDNPDYERFPNFQNVVGYETVVGPGDVLYIPMYWWHHIESLLNGGITITVNFWYKGAPTPKRIEYPLKAHQKVAIMRNIEKMLGEALGNPQEVGPLLNTMIKGRYN;9823659;1;1,96937E+16;2,44554E+14;Q9NWT6;HIF1AN
Q9PVE9_pep_1;TATYSYTEENDGIVCGGDDPCK;P00749;MRALLARLLLCVLVVSDSKGSNELHQVPSNCDCLNGGTCVSNKYFSNIHWCNCPKKFGGQHCEIDKSKTCYEGNGHFYRGKASTDTMGRPCLPWNSATVLQQTYHAHRSDALQLGLGKHNYCRNPDNRRRPWCYVQVGLKLLVQECMVHDCADGKKPSSPPEELKFQCGQKTLRPRFKIIGGEFTTIENQPWFAAIYRRHRGGSVTYVCGGSLISPCWVISATHCFIDYPKKEDYIVYLGRSRLNSNTQGEMKFEVENLILHKDYSADTLAHHNDIALLKIRSKEGRCAQPSRTIQTICLPSMYNDPQFGTSCEITGFGKENSTDYLYPEQLKMTVVKLISHRECQQPHYYGSEVTTKMLCAADPQWKTDSCQGDSGGPLVCSLQGRMTLTGIVSWGRGCALKDKPGVYTRVSHFLPWIRSHTKEENGLAL;9822396;1;1,96389E+16;2,47715E+14;P00749;PLAU
Q9PVF4_pep_2;GEILCGETNPCLNQACECDK;P00749;MRALLARLLLCVLVVSDSKGSNELHQVPSNCDCLNGGTCVSNKYFSNIHWCNCPKKFGGQHCEIDKSKTCYEGNGHFYRGKASTDTMGRPCLPWNSATVLQQTYHAHRSDALQLGLGKHNYCRNPDNRRRPWCYVQVGLKLLVQECMVHDCADGKKPSSPPEELKFQCGQKTLRPRFKIIGGEFTTIENQPWFAAIYRRHRGGSVTYVCGGSLISPCWVISATHCFIDYPKKEDYIVYLGRSRLNSNTQGEMKFEVENLILHKDYSADTLAHHNDIALLKIRSKEGRCAQPSRTIQTICLPSMYNDPQFGTSCEITGFGKENSTDYLYPEQLKMTVVKLISHRECQQPHYYGSEVTTKMLCAADPQWKTDSCQGDSGGPLVCSLQGRMTLTGIVSWGRGCALKDKPGVYTRVSHFLPWIRSHTKEENGLAL;9822015;1;1,96224E+15;2,48676E+14;P00749;PLAU
A0A0H3U266_pep_2;GEILCGETNPCLNQACECDK;P00749;MRALLARLLLCVLVVSDSKGSNELHQVPSNCDCLNGGTCVSNKYFSNIHWCNCPKKFGGQHCEIDKSKTCYEGNGHFYRGKASTDTMGRPCLPWNSATVLQQTYHAHRSDALQLGLGKHNYCRNPDNRRRPWCYVQVGLKLLVQECMVHDCADGKKPSSPPEELKFQCGQKTLRPRFKIIGGEFTTIENQPWFAAIYRRHRGGSVTYVCGGSLISPCWVISATHCFIDYPKKEDYIVYLGRSRLNSNTQGEMKFEVENLILHKDYSADTLAHHNDIALLKIRSKEGRCAQPSRTIQTICLPSMYNDPQFGTSCEITGFGKENSTDYLYPEQLKMTVVKLISHRECQQPHYYGSEVTTKMLCAADPQWKTDSCQGDSGGPLVCSLQGRMTLTGIVSWGRGCALKDKPGVYTRVSHFLPWIRSHTKEENGLAL;9822015;1;1,96224E+15;2,48676E+14;P00749;PLAU
Q9PVE9_pep_1;TATYSYTEENDGIVCGGDDPCK;Q9NZQ7;MRIFAVFIFMTYWHLLNAFTVTVPKDLYVVEYGSNMTIECKFPVEKQLDLAALIVYWEMEDKNIIQFVHGEEDLKVQHSSYRQRARLLKDQLSLGNAALQITDVKLQDAGVYRCMISYGGADYKRITVKVNAPYNKINQRILVVDPVTSEHELTCQAEGYPKAEVIWTSSDHQVLSGKTTTTNSKREEKLFNVTSTLRINTTTNEIFYCTFRRLDPEENHTAELVIPELPLAHPPNERTHLVILGAILLCLGVALTFIFRLRKGRMMDVKKCGIQDTNSKKQSDTHLEET;9821697;1;1,96086E+15;2,4948E+14;Q9NZQ7;CD274
P26324_pep_3;DSCNSDSGGPLICNEELHGIVAR;Q9NWT6;MAATAAEAVASGSGEPREEAGALGPAWDESQLRSYSFPTRPIPRLSQSDPRAEELIENEEPVVLTDTNLVYPALKWDLEYLQENIGNGDFSVYSASTHKFLYYDEKKMANFQNFKPRSNREEMKFHEFVEKLQDIQQRGGEERLYLQQTLNDTVGRKIVMDFLGFNWNWINKQQGKRGWGQLTSNLLLIGMEGNVTPAHYDEQQNFFAQIKGYKRCILFPPDQFECLYPYPVHHPCDRQSQVDFDNPDYERFPNFQNVVGYETVVGPGDVLYIPMYWWHHIESLLNGGITITVNFWYKGAPTPKRIEYPLKAHQKVAIMRNIEKMLGEALGNPQEVGPLLNTMIKGRYN;9821187;1;1,95864E+16;2,50773E+14;Q9NWT6;HIF1AN
P0CB14_pep_7;DFDGNTVGLAFVGGICNEKYCAGVVQDHTK;Q8NBP7;MGTVSSRRSWWPLPLLLLLLLLLGPAGARAQEDEDGDYEELVLALRSEEDGLAEAPEHGTTATFHRCAKDPWRLPGTYVVVLKEETHLSQSERTARRLQAQAARRGYLTKILHVFHGLLPGFLVKMSGDLLELALKLPHVDYIEEDSSVFAQSIPWNLERITPPRYRADEYQPPDGGSLVEVYLLDTSIQSDHREIEGRVMVTDFENVPEEDGTRFHRQASKCDSHGTHLAGVVSGRDAGVAKGASMRSLRVLNCQGKGTVSGTLIGLEFIRKSQLVQPVGPLVVLLPLAGGYSRVLNAACQRLARAGVVLVTAAGNFRDDACLYSPASAPEVITVGATNAQDQPVTLGTLGTNFGRCVDLFAPGEDIIGASSDCSTCFVSQSGTSQAAAHVAGIAAMMLSAEPELTLAELRQRLIHFSAKDVINEAWFPEDQRVLTPNLVAALPPSTHGAGWQLFCRTVWSAHSGPTRMATAVARCAPDEELLSCSSFSRSGKRRGERMEAQGGKLVCRAHNAFGGEGVYAIARCCLLPQANCSVHTAPPAEASMGTRVHCHQQGHVLTGCSSHWEVEDLGTHKPPVLRPRGQPNQCVGHREASIHASCCHAPGLECKVKEHGIPAPQEQVTVACEEGWTLTGCSALPGTSHVLGAYAVDNTCVVRSRDVSTTGSTSEGAVTAVAICCRSRHLAQASQELQ;9820097;1;1,95391E+16;2,53557E+14;Q8NBP7;PCSK9
D2YW39_pep_2;DFNCLPGWSAYDQHCYQAFNEPK;Q8NBP7;MGTVSSRRSWWPLPLLLLLLLLLGPAGARAQEDEDGDYEELVLALRSEEDGLAEAPEHGTTATFHRCAKDPWRLPGTYVVVLKEETHLSQSERTARRLQAQAARRGYLTKILHVFHGLLPGFLVKMSGDLLELALKLPHVDYIEEDSSVFAQSIPWNLERITPPRYRADEYQPPDGGSLVEVYLLDTSIQSDHREIEGRVMVTDFENVPEEDGTRFHRQASKCDSHGTHLAGVVSGRDAGVAKGASMRSLRVLNCQGKGTVSGTLIGLEFIRKSQLVQPVGPLVVLLPLAGGYSRVLNAACQRLARAGVVLVTAAGNFRDDACLYSPASAPEVITVGATNAQDQPVTLGTLGTNFGRCVDLFAPGEDIIGASSDCSTCFVSQSGTSQAAAHVAGIAAMMLSAEPELTLAELRQRLIHFSAKDVINEAWFPEDQRVLTPNLVAALPPSTHGAGWQLFCRTVWSAHSGPTRMATAVARCAPDEELLSCSSFSRSGKRRGERMEAQGGKLVCRAHNAFGGEGVYAIARCCLLPQANCSVHTAPPAEASMGTRVHCHQQGHVLTGCSSHWEVEDLGTHKPPVLRPRGQPNQCVGHREASIHASCCHAPGLECKVKEHGIPAPQEQVTVACEEGWTLTGCSALPGTSHVLGAYAVDNTCVVRSRDVSTTGSTSEGAVTAVAICCRSRHLAQASQELQ;98152107;1;1,93271E+15;2,66358E+14;Q8NBP7;PCSK9
D2YW39_pep_2;DFNCLPGWSAYDQHCYQAFNEPK;Q9NWT6;MAATAAEAVASGSGEPREEAGALGPAWDESQLRSYSFPTRPIPRLSQSDPRAEELIENEEPVVLTDTNLVYPALKWDLEYLQENIGNGDFSVYSASTHKFLYYDEKKMANFQNFKPRSNREEMKFHEFVEKLQDIQQRGGEERLYLQQTLNDTVGRKIVMDFLGFNWNWINKQQGKRGWGQLTSNLLLIGMEGNVTPAHYDEQQNFFAQIKGYKRCILFPPDQFECLYPYPVHHPCDRQSQVDFDNPDYERFPNFQNVVGYETVVGPGDVLYIPMYWWHHIESLLNGGITITVNFWYKGAPTPKRIEYPLKAHQKVAIMRNIEKMLGEALGNPQEVGPLLNTMIKGRYN;9814842;1;1,93111E+15;2,67346E+14;Q9NWT6;HIF1AN
Q9PVF4_pep_2;GEILCGETNPCLNQACECDK;Q9NWT6;MAATAAEAVASGSGEPREEAGALGPAWDESQLRSYSFPTRPIPRLSQSDPRAEELIENEEPVVLTDTNLVYPALKWDLEYLQENIGNGDFSVYSASTHKFLYYDEKKMANFQNFKPRSNREEMKFHEFVEKLQDIQQRGGEERLYLQQTLNDTVGRKIVMDFLGFNWNWINKQQGKRGWGQLTSNLLLIGMEGNVTPAHYDEQQNFFAQIKGYKRCILFPPDQFECLYPYPVHHPCDRQSQVDFDNPDYERFPNFQNVVGYETVVGPGDVLYIPMYWWHHIESLLNGGITITVNFWYKGAPTPKRIEYPLKAHQKVAIMRNIEKMLGEALGNPQEVGPLLNTMIKGRYN;9813043;1;1,92331E+15;2,72208E+14;Q9NWT6;HIF1AN
A0A0H3U266_pep_2;GEILCGETNPCLNQACECDK;Q9NWT6;MAATAAEAVASGSGEPREEAGALGPAWDESQLRSYSFPTRPIPRLSQSDPRAEELIENEEPVVLTDTNLVYPALKWDLEYLQENIGNGDFSVYSASTHKFLYYDEKKMANFQNFKPRSNREEMKFHEFVEKLQDIQQRGGEERLYLQQTLNDTVGRKIVMDFLGFNWNWINKQQGKRGWGQLTSNLLLIGMEGNVTPAHYDEQQNFFAQIKGYKRCILFPPDQFECLYPYPVHHPCDRQSQVDFDNPDYERFPNFQNVVGYETVVGPGDVLYIPMYWWHHIESLLNGGITITVNFWYKGAPTPKRIEYPLKAHQKVAIMRNIEKMLGEALGNPQEVGPLLNTMIKGRYN;9813043;1;1,92331E+15;2,72208E+14;Q9NWT6;HIF1AN
D2YW40_pep_1;TWEDAESFCYAQHK;Q8NBP7;MGTVSSRRSWWPLPLLLLLLLLLGPAGARAQEDEDGDYEELVLALRSEEDGLAEAPEHGTTATFHRCAKDPWRLPGTYVVVLKEETHLSQSERTARRLQAQAARRGYLTKILHVFHGLLPGFLVKMSGDLLELALKLPHVDYIEEDSSVFAQSIPWNLERITPPRYRADEYQPPDGGSLVEVYLLDTSIQSDHREIEGRVMVTDFENVPEEDGTRFHRQASKCDSHGTHLAGVVSGRDAGVAKGASMRSLRVLNCQGKGTVSGTLIGLEFIRKSQLVQPVGPLVVLLPLAGGYSRVLNAACQRLARAGVVLVTAAGNFRDDACLYSPASAPEVITVGATNAQDQPVTLGTLGTNFGRCVDLFAPGEDIIGASSDCSTCFVSQSGTSQAAAHVAGIAAMMLSAEPELTLAELRQRLIHFSAKDVINEAWFPEDQRVLTPNLVAALPPSTHGAGWQLFCRTVWSAHSGPTRMATAVARCAPDEELLSCSSFSRSGKRRGERMEAQGGKLVCRAHNAFGGEGVYAIARCCLLPQANCSVHTAPPAEASMGTRVHCHQQGHVLTGCSSHWEVEDLGTHKPPVLRPRGQPNQCVGHREASIHASCCHAPGLECKVKEHGIPAPQEQVTVACEEGWTLTGCSALPGTSHVLGAYAVDNTCVVRSRDVSTTGSTSEGAVTAVAICCRSRHLAQASQELQ;9809452;1;1,90773E+16;2,82133E+13;Q8NBP7;PCSK9
Q9PVE9_pep_3;SGFFWYSFYGCYCGWGGHGLPQDPTDR;Q8NBP7;MGTVSSRRSWWPLPLLLLLLLLLGPAGARAQEDEDGDYEELVLALRSEEDGLAEAPEHGTTATFHRCAKDPWRLPGTYVVVLKEETHLSQSERTARRLQAQAARRGYLTKILHVFHGLLPGFLVKMSGDLLELALKLPHVDYIEEDSSVFAQSIPWNLERITPPRYRADEYQPPDGGSLVEVYLLDTSIQSDHREIEGRVMVTDFENVPEEDGTRFHRQASKCDSHGTHLAGVVSGRDAGVAKGASMRSLRVLNCQGKGTVSGTLIGLEFIRKSQLVQPVGPLVVLLPLAGGYSRVLNAACQRLARAGVVLVTAAGNFRDDACLYSPASAPEVITVGATNAQDQPVTLGTLGTNFGRCVDLFAPGEDIIGASSDCSTCFVSQSGTSQAAAHVAGIAAMMLSAEPELTLAELRQRLIHFSAKDVINEAWFPEDQRVLTPNLVAALPPSTHGAGWQLFCRTVWSAHSGPTRMATAVARCAPDEELLSCSSFSRSGKRRGERMEAQGGKLVCRAHNAFGGEGVYAIARCCLLPQANCSVHTAPPAEASMGTRVHCHQQGHVLTGCSSHWEVEDLGTHKPPVLRPRGQPNQCVGHREASIHASCCHAPGLECKVKEHGIPAPQEQVTVACEEGWTLTGCSALPGTSHVLGAYAVDNTCVVRSRDVSTTGSTSEGAVTAVAICCRSRHLAQASQELQ;98079383;1;1,90116E+15;2,86406E+13;Q8NBP7;PCSK9
D2YW40_pep_1;TWEDAESFCYAQHK;Q9NZQ7;MRIFAVFIFMTYWHLLNAFTVTVPKDLYVVEYGSNMTIECKFPVEKQLDLAALIVYWEMEDKNIIQFVHGEEDLKVQHSSYRQRARLLKDQLSLGNAALQITDVKLQDAGVYRCMISYGGADYKRITVKVNAPYNKINQRILVVDPVTSEHELTCQAEGYPKAEVIWTSSDHQVLSGKTTTTNSKREEKLFNVTSTLRINTTTNEIFYCTFRRLDPEENHTAELVIPELPLAHPPNERTHLVILGAILLCLGVALTFIFRLRKGRMMDVKKCGIQDTNSKKQSDTHLEET;98078257;1;1,90067E+16;2,86726E+14;Q9NZQ7;CD274
Q9PVE9_pep_1;TATYSYTEENDGIVCGGDDPCK;Q8NBP7;MGTVSSRRSWWPLPLLLLLLLLLGPAGARAQEDEDGDYEELVLALRSEEDGLAEAPEHGTTATFHRCAKDPWRLPGTYVVVLKEETHLSQSERTARRLQAQAARRGYLTKILHVFHGLLPGFLVKMSGDLLELALKLPHVDYIEEDSSVFAQSIPWNLERITPPRYRADEYQPPDGGSLVEVYLLDTSIQSDHREIEGRVMVTDFENVPEEDGTRFHRQASKCDSHGTHLAGVVSGRDAGVAKGASMRSLRVLNCQGKGTVSGTLIGLEFIRKSQLVQPVGPLVVLLPLAGGYSRVLNAACQRLARAGVVLVTAAGNFRDDACLYSPASAPEVITVGATNAQDQPVTLGTLGTNFGRCVDLFAPGEDIIGASSDCSTCFVSQSGTSQAAAHVAGIAAMMLSAEPELTLAELRQRLIHFSAKDVINEAWFPEDQRVLTPNLVAALPPSTHGAGWQLFCRTVWSAHSGPTRMATAVARCAPDEELLSCSSFSRSGKRRGERMEAQGGKLVCRAHNAFGGEGVYAIARCCLLPQANCSVHTAPPAEASMGTRVHCHQQGHVLTGCSSHWEVEDLGTHKPPVLRPRGQPNQCVGHREASIHASCCHAPGLECKVKEHGIPAPQEQVTVACEEGWTLTGCSALPGTSHVLGAYAVDNTCVVRSRDVSTTGSTSEGAVTAVAICCRSRHLAQASQELQ;98057073;1;1,89148E+15;2,92802E+14;Q8NBP7;PCSK9
P30403_pep_5;HDGEYCTCYGSSECIMSSHISDPPSK;A0A5B9;DLKNVFPPKVAVFEPSEAEISHTQKATLVCLATGFYPDHVELSWWVNGKEVHSGVSTDPQPLKEQPALNDSRYCLSSRLRVSATFWQNPRNHFRCQVQFYGLSENDEWTQDRAKPVTQIVSAEAWGRADCGFTSESYQQGVLSATILYEILLGKATLYAVLVSALVLMAMVKRKDSRG;9801947;1;1,87516E+15;3,03851E+14;A0A5B9;TRBC2
P30403_pep_4;HDGEYCTCYGSSECIMSSHISDPPSK;A0A5B9;DLKNVFPPKVAVFEPSEAEISHTQKATLVCLATGFYPDHVELSWWVNGKEVHSGVSTDPQPLKEQPALNDSRYCLSSRLRVSATFWQNPRNHFRCQVQFYGLSENDEWTQDRAKPVTQIVSAEAWGRADCGFTSESYQQGVLSATILYEILLGKATLYAVLVSALVLMAMVKRKDSRG;9801947;1;1,87516E+15;3,03851E+14;A0A5B9;TRBC2
P26324_pep_3;DSCNSDSGGPLICNEELHGIVAR;P00749;MRALLARLLLCVLVVSDSKGSNELHQVPSNCDCLNGGTCVSNKYFSNIHWCNCPKKFGGQHCEIDKSKTCYEGNGHFYRGKASTDTMGRPCLPWNSATVLQQTYHAHRSDALQLGLGKHNYCRNPDNRRRPWCYVQVGLKLLVQECMVHDCADGKKPSSPPEELKFQCGQKTLRPRFKIIGGEFTTIENQPWFAAIYRRHRGGSVTYVCGGSLISPCWVISATHCFIDYPKKEDYIVYLGRSRLNSNTQGEMKFEVENLILHKDYSADTLAHHNDIALLKIRSKEGRCAQPSRTIQTICLPSMYNDPQFGTSCEITGFGKENSTDYLYPEQLKMTVVKLISHRECQQPHYYGSEVTTKMLCAADPQWKTDSCQGDSGGPLVCSLQGRMTLTGIVSWGRGCALKDKPGVYTRVSHFLPWIRSHTKEENGLAL;9801539;1;1,87339E+16;3,05071E+14;P00749;PLAU
Q9PVF4_pep_3;FEKGEILCGETNPCLNQACECDK;Q9NWT6;MAATAAEAVASGSGEPREEAGALGPAWDESQLRSYSFPTRPIPRLSQSDPRAEELIENEEPVVLTDTNLVYPALKWDLEYLQENIGNGDFSVYSASTHKFLYYDEKKMANFQNFKPRSNREEMKFHEFVEKLQDIQQRGGEERLYLQQTLNDTVGRKIVMDFLGFNWNWINKQQGKRGWGQLTSNLLLIGMEGNVTPAHYDEQQNFFAQIKGYKRCILFPPDQFECLYPYPVHHPCDRQSQVDFDNPDYERFPNFQNVVGYETVVGPGDVLYIPMYWWHHIESLLNGGITITVNFWYKGAPTPKRIEYPLKAHQKVAIMRNIEKMLGEALGNPQEVGPLLNTMIKGRYN;9800253;1;1,86781E+16;3,08941E+14;Q9NWT6;HIF1AN
A0A0H3U266_pep_3;FEKGEILCGETNPCLNQACECDK;Q9NWT6;MAATAAEAVASGSGEPREEAGALGPAWDESQLRSYSFPTRPIPRLSQSDPRAEELIENEEPVVLTDTNLVYPALKWDLEYLQENIGNGDFSVYSASTHKFLYYDEKKMANFQNFKPRSNREEMKFHEFVEKLQDIQQRGGEERLYLQQTLNDTVGRKIVMDFLGFNWNWINKQQGKRGWGQLTSNLLLIGMEGNVTPAHYDEQQNFFAQIKGYKRCILFPPDQFECLYPYPVHHPCDRQSQVDFDNPDYERFPNFQNVVGYETVVGPGDVLYIPMYWWHHIESLLNGGITITVNFWYKGAPTPKRIEYPLKAHQKVAIMRNIEKMLGEALGNPQEVGPLLNTMIKGRYN;9800253;1;1,86781E+16;3,08941E+14;Q9NWT6;HIF1AN
Q9I841_pep_3;GLEDCDFGWSPYDQHCYQAFNEQK;Q9NWT6;MAATAAEAVASGSGEPREEAGALGPAWDESQLRSYSFPTRPIPRLSQSDPRAEELIENEEPVVLTDTNLVYPALKWDLEYLQENIGNGDFSVYSASTHKFLYYDEKKMANFQNFKPRSNREEMKFHEFVEKLQDIQQRGGEERLYLQQTLNDTVGRKIVMDFLGFNWNWINKQQGKRGWGQLTSNLLLIGMEGNVTPAHYDEQQNFFAQIKGYKRCILFPPDQFECLYPYPVHHPCDRQSQVDFDNPDYERFPNFQNVVGYETVVGPGDVLYIPMYWWHHIESLLNGGITITVNFWYKGAPTPKRIEYPLKAHQKVAIMRNIEKMLGEALGNPQEVGPLLNTMIKGRYN;9799706;1;1,86544E+16;3,10599E+13;Q9NWT6;HIF1AN
Q9PVE9_pep_2;TATYSYTEENDGIVCGGDDPCKK;Q8NBP7;MGTVSSRRSWWPLPLLLLLLLLLGPAGARAQEDEDGDYEELVLALRSEEDGLAEAPEHGTTATFHRCAKDPWRLPGTYVVVLKEETHLSQSERTARRLQAQAARRGYLTKILHVFHGLLPGFLVKMSGDLLELALKLPHVDYIEEDSSVFAQSIPWNLERITPPRYRADEYQPPDGGSLVEVYLLDTSIQSDHREIEGRVMVTDFENVPEEDGTRFHRQASKCDSHGTHLAGVVSGRDAGVAKGASMRSLRVLNCQGKGTVSGTLIGLEFIRKSQLVQPVGPLVVLLPLAGGYSRVLNAACQRLARAGVVLVTAAGNFRDDACLYSPASAPEVITVGATNAQDQPVTLGTLGTNFGRCVDLFAPGEDIIGASSDCSTCFVSQSGTSQAAAHVAGIAAMMLSAEPELTLAELRQRLIHFSAKDVINEAWFPEDQRVLTPNLVAALPPSTHGAGWQLFCRTVWSAHSGPTRMATAVARCAPDEELLSCSSFSRSGKRRGERMEAQGGKLVCRAHNAFGGEGVYAIARCCLLPQANCSVHTAPPAEASMGTRVHCHQQGHVLTGCSSHWEVEDLGTHKPPVLRPRGQPNQCVGHREASIHASCCHAPGLECKVKEHGIPAPQEQVTVACEEGWTLTGCSALPGTSHVLGAYAVDNTCVVRSRDVSTTGSTSEGAVTAVAICCRSRHLAQASQELQ;97993946;1;1,86409E+16;3,11546E+14;Q8NBP7;PCSK9
D2YW40_pep_1;TWEDAESFCYAQHK;Q9NWT6;MAATAAEAVASGSGEPREEAGALGPAWDESQLRSYSFPTRPIPRLSQSDPRAEELIENEEPVVLTDTNLVYPALKWDLEYLQENIGNGDFSVYSASTHKFLYYDEKKMANFQNFKPRSNREEMKFHEFVEKLQDIQQRGGEERLYLQQTLNDTVGRKIVMDFLGFNWNWINKQQGKRGWGQLTSNLLLIGMEGNVTPAHYDEQQNFFAQIKGYKRCILFPPDQFECLYPYPVHHPCDRQSQVDFDNPDYERFPNFQNVVGYETVVGPGDVLYIPMYWWHHIESLLNGGITITVNFWYKGAPTPKRIEYPLKAHQKVAIMRNIEKMLGEALGNPQEVGPLLNTMIKGRYN;97960997;1;1,84979E+16;3,21717E+14;Q9NWT6;HIF1AN
D2YW39_pep_2;DFNCLPGWSAYDQHCYQAFNEPK;A0A5B9;DLKNVFPPKVAVFEPSEAEISHTQKATLVCLATGFYPDHVELSWWVNGKEVHSGVSTDPQPLKEQPALNDSRYCLSSRLRVSATFWQNPRNHFRCQVQFYGLSENDEWTQDRAKPVTQIVSAEAWGRADCGFTSESYQQGVLSATILYEILLGKATLYAVLVSALVLMAMVKRKDSRG;9792468;1;1,83404E+15;3,33244E+13;A0A5B9;TRBC2
P81398_pep_4;CPTTWSASK;A0A5B9;DLKNVFPPKVAVFEPSEAEISHTQKATLVCLATGFYPDHVELSWWVNGKEVHSGVSTDPQPLKEQPALNDSRYCLSSRLRVSATFWQNPRNHFRCQVQFYGLSENDEWTQDRAKPVTQIVSAEAWGRADCGFTSESYQQGVLSATILYEILLGKATLYAVLVSALVLMAMVKRKDSRG;97919786;1;1,83191E+15;3,34823E+14;A0A5B9;TRBC2
P0CB14_pep_8;VPLLMAITMGHEIGHNLGMEHDEANCK;Q9NZQ7;MRIFAVFIFMTYWHLLNAFTVTVPKDLYVVEYGSNMTIECKFPVEKQLDLAALIVYWEMEDKNIIQFVHGEEDLKVQHSSYRQRARLLKDQLSLGNAALQITDVKLQDAGVYRCMISYGGADYKRITVKVNAPYNKINQRILVVDPVTSEHELTCQAEGYPKAEVIWTSSDHQVLSGKTTTTNSKREEKLFNVTSTLRINTTTNEIFYCTFRRLDPEENHTAELVIPELPLAHPPNERTHLVILGAILLCLGVALTFIFRLRKGRMMDVKKCGIQDTNSKKQSDTHLEET;9789666;1;1,82188E+14;3,42368E+14;Q9NZQ7;CD274
P0CB14_pep_9;VPLLMAITMGHEIGHNLGMEHDEANCK;Q9NZQ7;MRIFAVFIFMTYWHLLNAFTVTVPKDLYVVEYGSNMTIECKFPVEKQLDLAALIVYWEMEDKNIIQFVHGEEDLKVQHSSYRQRARLLKDQLSLGNAALQITDVKLQDAGVYRCMISYGGADYKRITVKVNAPYNKINQRILVVDPVTSEHELTCQAEGYPKAEVIWTSSDHQVLSGKTTTTNSKREEKLFNVTSTLRINTTTNEIFYCTFRRLDPEENHTAELVIPELPLAHPPNERTHLVILGAILLCLGVALTFIFRLRKGRMMDVKKCGIQDTNSKKQSDTHLEET;9789666;1;1,82188E+14;3,42368E+14;Q9NZQ7;CD274
A0A0H3U266_pep_3;FEKGEILCGETNPCLNQACECDK;P00749;MRALLARLLLCVLVVSDSKGSNELHQVPSNCDCLNGGTCVSNKYFSNIHWCNCPKKFGGQHCEIDKSKTCYEGNGHFYRGKASTDTMGRPCLPWNSATVLQQTYHAHRSDALQLGLGKHNYCRNPDNRRRPWCYVQVGLKLLVQECMVHDCADGKKPSSPPEELKFQCGQKTLRPRFKIIGGEFTTIENQPWFAAIYRRHRGGSVTYVCGGSLISPCWVISATHCFIDYPKKEDYIVYLGRSRLNSNTQGEMKFEVENLILHKDYSADTLAHHNDIALLKIRSKEGRCAQPSRTIQTICLPSMYNDPQFGTSCEITGFGKENSTDYLYPEQLKMTVVKLISHRECQQPHYYGSEVTTKMLCAADPQWKTDSCQGDSGGPLVCSLQGRMTLTGIVSWGRGCALKDKPGVYTRVSHFLPWIRSHTKEENGLAL;9789627;1;1,82171E+15;3,42496E+13;P00749;PLAU
Q9PVF4_pep_3;FEKGEILCGETNPCLNQACECDK;P00749;MRALLARLLLCVLVVSDSKGSNELHQVPSNCDCLNGGTCVSNKYFSNIHWCNCPKKFGGQHCEIDKSKTCYEGNGHFYRGKASTDTMGRPCLPWNSATVLQQTYHAHRSDALQLGLGKHNYCRNPDNRRRPWCYVQVGLKLLVQECMVHDCADGKKPSSPPEELKFQCGQKTLRPRFKIIGGEFTTIENQPWFAAIYRRHRGGSVTYVCGGSLISPCWVISATHCFIDYPKKEDYIVYLGRSRLNSNTQGEMKFEVENLILHKDYSADTLAHHNDIALLKIRSKEGRCAQPSRTIQTICLPSMYNDPQFGTSCEITGFGKENSTDYLYPEQLKMTVVKLISHRECQQPHYYGSEVTTKMLCAADPQWKTDSCQGDSGGPLVCSLQGRMTLTGIVSWGRGCALKDKPGVYTRVSHFLPWIRSHTKEENGLAL;9789627;1;1,82171E+15;3,42496E+13;P00749;PLAU
Q9I841_pep_2;DELADEDYVWIGLR;Q9NWT6;MAATAAEAVASGSGEPREEAGALGPAWDESQLRSYSFPTRPIPRLSQSDPRAEELIENEEPVVLTDTNLVYPALKWDLEYLQENIGNGDFSVYSASTHKFLYYDEKKMANFQNFKPRSNREEMKFHEFVEKLQDIQQRGGEERLYLQQTLNDTVGRKIVMDFLGFNWNWINKQQGKRGWGQLTSNLLLIGMEGNVTPAHYDEQQNFFAQIKGYKRCILFPPDQFECLYPYPVHHPCDRQSQVDFDNPDYERFPNFQNVVGYETVVGPGDVLYIPMYWWHHIESLLNGGITITVNFWYKGAPTPKRIEYPLKAHQKVAIMRNIEKMLGEALGNPQEVGPLLNTMIKGRYN;9789281;1;1,82021E+15;3,43637E+14;Q9NWT6;HIF1AN
D2YW40_pep_5;WEWSDDAK;A0A5B9;DLKNVFPPKVAVFEPSEAEISHTQKATLVCLATGFYPDHVELSWWVNGKEVHSGVSTDPQPLKEQPALNDSRYCLSSRLRVSATFWQNPRNHFRCQVQFYGLSENDEWTQDRAKPVTQIVSAEAWGRADCGFTSESYQQGVLSATILYEILLGKATLYAVLVSALVLMAMVKRKDSRG;97885495;1;1,81703E+15;3,4606E+14;A0A5B9;TRBC2
P30403_pep_4;HDGEYCTCYGSSECIMSSHISDPPSK;P00749;MRALLARLLLCVLVVSDSKGSNELHQVPSNCDCLNGGTCVSNKYFSNIHWCNCPKKFGGQHCEIDKSKTCYEGNGHFYRGKASTDTMGRPCLPWNSATVLQQTYHAHRSDALQLGLGKHNYCRNPDNRRRPWCYVQVGLKLLVQECMVHDCADGKKPSSPPEELKFQCGQKTLRPRFKIIGGEFTTIENQPWFAAIYRRHRGGSVTYVCGGSLISPCWVISATHCFIDYPKKEDYIVYLGRSRLNSNTQGEMKFEVENLILHKDYSADTLAHHNDIALLKIRSKEGRCAQPSRTIQTICLPSMYNDPQFGTSCEITGFGKENSTDYLYPEQLKMTVVKLISHRECQQPHYYGSEVTTKMLCAADPQWKTDSCQGDSGGPLVCSLQGRMTLTGIVSWGRGCALKDKPGVYTRVSHFLPWIRSHTKEENGLAL;97874063;1;1,81207E+16;3,49874E+14;P00749;PLAU
P30403_pep_5;HDGEYCTCYGSSECIMSSHISDPPSK;P00749;MRALLARLLLCVLVVSDSKGSNELHQVPSNCDCLNGGTCVSNKYFSNIHWCNCPKKFGGQHCEIDKSKTCYEGNGHFYRGKASTDTMGRPCLPWNSATVLQQTYHAHRSDALQLGLGKHNYCRNPDNRRRPWCYVQVGLKLLVQECMVHDCADGKKPSSPPEELKFQCGQKTLRPRFKIIGGEFTTIENQPWFAAIYRRHRGGSVTYVCGGSLISPCWVISATHCFIDYPKKEDYIVYLGRSRLNSNTQGEMKFEVENLILHKDYSADTLAHHNDIALLKIRSKEGRCAQPSRTIQTICLPSMYNDPQFGTSCEITGFGKENSTDYLYPEQLKMTVVKLISHRECQQPHYYGSEVTTKMLCAADPQWKTDSCQGDSGGPLVCSLQGRMTLTGIVSWGRGCALKDKPGVYTRVSHFLPWIRSHTKEENGLAL;97874063;1;1,81207E+16;3,49874E+14;P00749;PLAU
P81397_pep_13;FCTEQEK;A0A5B9;DLKNVFPPKVAVFEPSEAEISHTQKATLVCLATGFYPDHVELSWWVNGKEVHSGVSTDPQPLKEQPALNDSRYCLSSRLRVSATFWQNPRNHFRCQVQFYGLSENDEWTQDRAKPVTQIVSAEAWGRADCGFTSESYQQGVLSATILYEILLGKATLYAVLVSALVLMAMVKRKDSRG;97872704;1;1,81148E+15;3,5033E+14;A0A5B9;TRBC2
P26324_pep_3;DSCNSDSGGPLICNEELHGIVAR;Q8NBP7;MGTVSSRRSWWPLPLLLLLLLLLGPAGARAQEDEDGDYEELVLALRSEEDGLAEAPEHGTTATFHRCAKDPWRLPGTYVVVLKEETHLSQSERTARRLQAQAARRGYLTKILHVFHGLLPGFLVKMSGDLLELALKLPHVDYIEEDSSVFAQSIPWNLERITPPRYRADEYQPPDGGSLVEVYLLDTSIQSDHREIEGRVMVTDFENVPEEDGTRFHRQASKCDSHGTHLAGVVSGRDAGVAKGASMRSLRVLNCQGKGTVSGTLIGLEFIRKSQLVQPVGPLVVLLPLAGGYSRVLNAACQRLARAGVVLVTAAGNFRDDACLYSPASAPEVITVGATNAQDQPVTLGTLGTNFGRCVDLFAPGEDIIGASSDCSTCFVSQSGTSQAAAHVAGIAAMMLSAEPELTLAELRQRLIHFSAKDVINEAWFPEDQRVLTPNLVAALPPSTHGAGWQLFCRTVWSAHSGPTRMATAVARCAPDEELLSCSSFSRSGKRRGERMEAQGGKLVCRAHNAFGGEGVYAIARCCLLPQANCSVHTAPPAEASMGTRVHCHQQGHVLTGCSSHWEVEDLGTHKPPVLRPRGQPNQCVGHREASIHASCCHAPGLECKVKEHGIPAPQEQVTVACEEGWTLTGCSALPGTSHVLGAYAVDNTCVVRSRDVSTTGSTSEGAVTAVAICCRSRHLAQASQELQ;9785169;1;1,80237E+16;3,57439E+14;Q8NBP7;PCSK9
Q9I841_pep_1;AQENGAHLASIESNGEADFVSWLISQK;Q9NZQ7;MRIFAVFIFMTYWHLLNAFTVTVPKDLYVVEYGSNMTIECKFPVEKQLDLAALIVYWEMEDKNIIQFVHGEEDLKVQHSSYRQRARLLKDQLSLGNAALQITDVKLQDAGVYRCMISYGGADYKRITVKVNAPYNKINQRILVVDPVTSEHELTCQAEGYPKAEVIWTSSDHQVLSGKTTTTNSKREEKLFNVTSTLRINTTTNEIFYCTFRRLDPEENHTAELVIPELPLAHPPNERTHLVILGAILLCLGVALTFIFRLRKGRMMDVKKCGIQDTNSKKQSDTHLEET;9781949;1;1,78839E+16;3,68562E+14;Q9NZQ7;CD274
P30403_pep_12;ECDCSSPENPCCDAATCK;A0A5B9;DLKNVFPPKVAVFEPSEAEISHTQKATLVCLATGFYPDHVELSWWVNGKEVHSGVSTDPQPLKEQPALNDSRYCLSSRLRVSATFWQNPRNHFRCQVQFYGLSENDEWTQDRAKPVTQIVSAEAWGRADCGFTSESYQQGVLSATILYEILLGKATLYAVLVSALVLMAMVKRKDSRG;97812647;1;1,78543E+15;3,70961E+14;A0A5B9;TRBC2
P0CB14_pep_14;ACVMAPEVNNNPTK;A0A5B9;DLKNVFPPKVAVFEPSEAEISHTQKATLVCLATGFYPDHVELSWWVNGKEVHSGVSTDPQPLKEQPALNDSRYCLSSRLRVSATFWQNPRNHFRCQVQFYGLSENDEWTQDRAKPVTQIVSAEAWGRADCGFTSESYQQGVLSATILYEILLGKATLYAVLVSALVLMAMVKRKDSRG;97812575;1;1,78539E+15;3,70987E+14;A0A5B9;TRBC2
P0CB14_pep_18;ACVMAPEVNNNPTK;A0A5B9;DLKNVFPPKVAVFEPSEAEISHTQKATLVCLATGFYPDHVELSWWVNGKEVHSGVSTDPQPLKEQPALNDSRYCLSSRLRVSATFWQNPRNHFRCQVQFYGLSENDEWTQDRAKPVTQIVSAEAWGRADCGFTSESYQQGVLSATILYEILLGKATLYAVLVSALVLMAMVKRKDSRG;97812575;1;1,78539E+15;3,70987E+14;A0A5B9;TRBC2
Q9PVF4_pep_2;GEILCGETNPCLNQACECDK;Q8NBP7;MGTVSSRRSWWPLPLLLLLLLLLGPAGARAQEDEDGDYEELVLALRSEEDGLAEAPEHGTTATFHRCAKDPWRLPGTYVVVLKEETHLSQSERTARRLQAQAARRGYLTKILHVFHGLLPGFLVKMSGDLLELALKLPHVDYIEEDSSVFAQSIPWNLERITPPRYRADEYQPPDGGSLVEVYLLDTSIQSDHREIEGRVMVTDFENVPEEDGTRFHRQASKCDSHGTHLAGVVSGRDAGVAKGASMRSLRVLNCQGKGTVSGTLIGLEFIRKSQLVQPVGPLVVLLPLAGGYSRVLNAACQRLARAGVVLVTAAGNFRDDACLYSPASAPEVITVGATNAQDQPVTLGTLGTNFGRCVDLFAPGEDIIGASSDCSTCFVSQSGTSQAAAHVAGIAAMMLSAEPELTLAELRQRLIHFSAKDVINEAWFPEDQRVLTPNLVAALPPSTHGAGWQLFCRTVWSAHSGPTRMATAVARCAPDEELLSCSSFSRSGKRRGERMEAQGGKLVCRAHNAFGGEGVYAIARCCLLPQANCSVHTAPPAEASMGTRVHCHQQGHVLTGCSSHWEVEDLGTHKPPVLRPRGQPNQCVGHREASIHASCCHAPGLECKVKEHGIPAPQEQVTVACEEGWTLTGCSALPGTSHVLGAYAVDNTCVVRSRDVSTTGSTSEGAVTAVAICCRSRHLAQASQELQ;9777671;1;1,76983E+14;3,83774E+13;Q8NBP7;PCSK9
A0A0H3U266_pep_2;GEILCGETNPCLNQACECDK;Q8NBP7;MGTVSSRRSWWPLPLLLLLLLLLGPAGARAQEDEDGDYEELVLALRSEEDGLAEAPEHGTTATFHRCAKDPWRLPGTYVVVLKEETHLSQSERTARRLQAQAARRGYLTKILHVFHGLLPGFLVKMSGDLLELALKLPHVDYIEEDSSVFAQSIPWNLERITPPRYRADEYQPPDGGSLVEVYLLDTSIQSDHREIEGRVMVTDFENVPEEDGTRFHRQASKCDSHGTHLAGVVSGRDAGVAKGASMRSLRVLNCQGKGTVSGTLIGLEFIRKSQLVQPVGPLVVLLPLAGGYSRVLNAACQRLARAGVVLVTAAGNFRDDACLYSPASAPEVITVGATNAQDQPVTLGTLGTNFGRCVDLFAPGEDIIGASSDCSTCFVSQSGTSQAAAHVAGIAAMMLSAEPELTLAELRQRLIHFSAKDVINEAWFPEDQRVLTPNLVAALPPSTHGAGWQLFCRTVWSAHSGPTRMATAVARCAPDEELLSCSSFSRSGKRRGERMEAQGGKLVCRAHNAFGGEGVYAIARCCLLPQANCSVHTAPPAEASMGTRVHCHQQGHVLTGCSSHWEVEDLGTHKPPVLRPRGQPNQCVGHREASIHASCCHAPGLECKVKEHGIPAPQEQVTVACEEGWTLTGCSALPGTSHVLGAYAVDNTCVVRSRDVSTTGSTSEGAVTAVAICCRSRHLAQASQELQ;9777671;1;1,76983E+14;3,83774E+13;Q8NBP7;PCSK9
P81397_pep_5;TWEEAER;A0A5B9;DLKNVFPPKVAVFEPSEAEISHTQKATLVCLATGFYPDHVELSWWVNGKEVHSGVSTDPQPLKEQPALNDSRYCLSSRLRVSATFWQNPRNHFRCQVQFYGLSENDEWTQDRAKPVTQIVSAEAWGRADCGFTSESYQQGVLSATILYEILLGKATLYAVLVSALVLMAMVKRKDSRG;97740424;1;1,75409E+14;3,97076E+14;A0A5B9;TRBC2
P81398_pep_5;TWIEAER;A0A5B9;DLKNVFPPKVAVFEPSEAEISHTQKATLVCLATGFYPDHVELSWWVNGKEVHSGVSTDPQPLKEQPALNDSRYCLSSRLRVSATFWQNPRNHFRCQVQFYGLSENDEWTQDRAKPVTQIVSAEAWGRADCGFTSESYQQGVLSATILYEILLGKATLYAVLVSALVLMAMVKRKDSRG;9770552;1;1,73895E+15;4,10222E+14;A0A5B9;TRBC2
Q9I841_pep_3;GLEDCDFGWSPYDQHCYQAFNEQK;Q8NBP7;MGTVSSRRSWWPLPLLLLLLLLLGPAGARAQEDEDGDYEELVLALRSEEDGLAEAPEHGTTATFHRCAKDPWRLPGTYVVVLKEETHLSQSERTARRLQAQAARRGYLTKILHVFHGLLPGFLVKMSGDLLELALKLPHVDYIEEDSSVFAQSIPWNLERITPPRYRADEYQPPDGGSLVEVYLLDTSIQSDHREIEGRVMVTDFENVPEEDGTRFHRQASKCDSHGTHLAGVVSGRDAGVAKGASMRSLRVLNCQGKGTVSGTLIGLEFIRKSQLVQPVGPLVVLLPLAGGYSRVLNAACQRLARAGVVLVTAAGNFRDDACLYSPASAPEVITVGATNAQDQPVTLGTLGTNFGRCVDLFAPGEDIIGASSDCSTCFVSQSGTSQAAAHVAGIAAMMLSAEPELTLAELRQRLIHFSAKDVINEAWFPEDQRVLTPNLVAALPPSTHGAGWQLFCRTVWSAHSGPTRMATAVARCAPDEELLSCSSFSRSGKRRGERMEAQGGKLVCRAHNAFGGEGVYAIARCCLLPQANCSVHTAPPAEASMGTRVHCHQQGHVLTGCSSHWEVEDLGTHKPPVLRPRGQPNQCVGHREASIHASCCHAPGLECKVKEHGIPAPQEQVTVACEEGWTLTGCSALPGTSHVLGAYAVDNTCVVRSRDVSTTGSTSEGAVTAVAICCRSRHLAQASQELQ;9769611;1;1,73486E+16;4,13826E+14;Q8NBP7;PCSK9
D2YW39_pep_4;WDYSDCQAK;A0A5B9;DLKNVFPPKVAVFEPSEAEISHTQKATLVCLATGFYPDHVELSWWVNGKEVHSGVSTDPQPLKEQPALNDSRYCLSSRLRVSATFWQNPRNHFRCQVQFYGLSENDEWTQDRAKPVTQIVSAEAWGRADCGFTSESYQQGVLSATILYEILLGKATLYAVLVSALVLMAMVKRKDSRG;9769373;1;1,73383E+16;4,14742E+14;A0A5B9;TRBC2
P0CB14_pep_11;DRKPECLFK;A0A5B9;DLKNVFPPKVAVFEPSEAEISHTQKATLVCLATGFYPDHVELSWWVNGKEVHSGVSTDPQPLKEQPALNDSRYCLSSRLRVSATFWQNPRNHFRCQVQFYGLSENDEWTQDRAKPVTQIVSAEAWGRADCGFTSESYQQGVLSATILYEILLGKATLYAVLVSALVLMAMVKRKDSRG;97674495;1;1,72548E+16;4,22201E+13;A0A5B9;TRBC2
P81397_pep_8;FCTEQEKEAHLVSMENR;Q9NZQ7;MRIFAVFIFMTYWHLLNAFTVTVPKDLYVVEYGSNMTIECKFPVEKQLDLAALIVYWEMEDKNIIQFVHGEEDLKVQHSSYRQRARLLKDQLSLGNAALQITDVKLQDAGVYRCMISYGGADYKRITVKVNAPYNKINQRILVVDPVTSEHELTCQAEGYPKAEVIWTSSDHQVLSGKTTTTNSKREEKLFNVTSTLRINTTTNEIFYCTFRRLDPEENHTAELVIPELPLAHPPNERTHLVILGAILLCLGVALTFIFRLRKGRMMDVKKCGIQDTNSKKQSDTHLEET;9764881;1;1,71434E+16;4,32332E+14;Q9NZQ7;CD274
Q9PVE9_pep_4;RSGFFWYSFYGCYCGWGGHGLPQDPTDR;Q8NBP7;MGTVSSRRSWWPLPLLLLLLLLLGPAGARAQEDEDGDYEELVLALRSEEDGLAEAPEHGTTATFHRCAKDPWRLPGTYVVVLKEETHLSQSERTARRLQAQAARRGYLTKILHVFHGLLPGFLVKMSGDLLELALKLPHVDYIEEDSSVFAQSIPWNLERITPPRYRADEYQPPDGGSLVEVYLLDTSIQSDHREIEGRVMVTDFENVPEEDGTRFHRQASKCDSHGTHLAGVVSGRDAGVAKGASMRSLRVLNCQGKGTVSGTLIGLEFIRKSQLVQPVGPLVVLLPLAGGYSRVLNAACQRLARAGVVLVTAAGNFRDDACLYSPASAPEVITVGATNAQDQPVTLGTLGTNFGRCVDLFAPGEDIIGASSDCSTCFVSQSGTSQAAAHVAGIAAMMLSAEPELTLAELRQRLIHFSAKDVINEAWFPEDQRVLTPNLVAALPPSTHGAGWQLFCRTVWSAHSGPTRMATAVARCAPDEELLSCSSFSRSGKRRGERMEAQGGKLVCRAHNAFGGEGVYAIARCCLLPQANCSVHTAPPAEASMGTRVHCHQQGHVLTGCSSHWEVEDLGTHKPPVLRPRGQPNQCVGHREASIHASCCHAPGLECKVKEHGIPAPQEQVTVACEEGWTLTGCSALPGTSHVLGAYAVDNTCVVRSRDVSTTGSTSEGAVTAVAICCRSRHLAQASQELQ;97645706;1;1,71299E+16;4,33569E+14;Q8NBP7;PCSK9
P30403_pep_9;LRPGAQCGEGLCCEQCK;A0A5B9;DLKNVFPPKVAVFEPSEAEISHTQKATLVCLATGFYPDHVELSWWVNGKEVHSGVSTDPQPLKEQPALNDSRYCLSSRLRVSATFWQNPRNHFRCQVQFYGLSENDEWTQDRAKPVTQIVSAEAWGRADCGFTSESYQQGVLSATILYEILLGKATLYAVLVSALVLMAMVKRKDSRG;97611576;1;1,69818E+16;4,47365E+13;A0A5B9;TRBC2
Q9PVF4_pep_3;FEKGEILCGETNPCLNQACECDK;Q8NBP7;MGTVSSRRSWWPLPLLLLLLLLLGPAGARAQEDEDGDYEELVLALRSEEDGLAEAPEHGTTATFHRCAKDPWRLPGTYVVVLKEETHLSQSERTARRLQAQAARRGYLTKILHVFHGLLPGFLVKMSGDLLELALKLPHVDYIEEDSSVFAQSIPWNLERITPPRYRADEYQPPDGGSLVEVYLLDTSIQSDHREIEGRVMVTDFENVPEEDGTRFHRQASKCDSHGTHLAGVVSGRDAGVAKGASMRSLRVLNCQGKGTVSGTLIGLEFIRKSQLVQPVGPLVVLLPLAGGYSRVLNAACQRLARAGVVLVTAAGNFRDDACLYSPASAPEVITVGATNAQDQPVTLGTLGTNFGRCVDLFAPGEDIIGASSDCSTCFVSQSGTSQAAAHVAGIAAMMLSAEPELTLAELRQRLIHFSAKDVINEAWFPEDQRVLTPNLVAALPPSTHGAGWQLFCRTVWSAHSGPTRMATAVARCAPDEELLSCSSFSRSGKRRGERMEAQGGKLVCRAHNAFGGEGVYAIARCCLLPQANCSVHTAPPAEASMGTRVHCHQQGHVLTGCSSHWEVEDLGTHKPPVLRPRGQPNQCVGHREASIHASCCHAPGLECKVKEHGIPAPQEQVTVACEEGWTLTGCSALPGTSHVLGAYAVDNTCVVRSRDVSTTGSTSEGAVTAVAICCRSRHLAQASQELQ;97533107;1;1,66414E+16;4,80424E+13;Q8NBP7;PCSK9
A0A0H3U266_pep_3;FEKGEILCGETNPCLNQACECDK;Q8NBP7;MGTVSSRRSWWPLPLLLLLLLLLGPAGARAQEDEDGDYEELVLALRSEEDGLAEAPEHGTTATFHRCAKDPWRLPGTYVVVLKEETHLSQSERTARRLQAQAARRGYLTKILHVFHGLLPGFLVKMSGDLLELALKLPHVDYIEEDSSVFAQSIPWNLERITPPRYRADEYQPPDGGSLVEVYLLDTSIQSDHREIEGRVMVTDFENVPEEDGTRFHRQASKCDSHGTHLAGVVSGRDAGVAKGASMRSLRVLNCQGKGTVSGTLIGLEFIRKSQLVQPVGPLVVLLPLAGGYSRVLNAACQRLARAGVVLVTAAGNFRDDACLYSPASAPEVITVGATNAQDQPVTLGTLGTNFGRCVDLFAPGEDIIGASSDCSTCFVSQSGTSQAAAHVAGIAAMMLSAEPELTLAELRQRLIHFSAKDVINEAWFPEDQRVLTPNLVAALPPSTHGAGWQLFCRTVWSAHSGPTRMATAVARCAPDEELLSCSSFSRSGKRRGERMEAQGGKLVCRAHNAFGGEGVYAIARCCLLPQANCSVHTAPPAEASMGTRVHCHQQGHVLTGCSSHWEVEDLGTHKPPVLRPRGQPNQCVGHREASIHASCCHAPGLECKVKEHGIPAPQEQVTVACEEGWTLTGCSALPGTSHVLGAYAVDNTCVVRSRDVSTTGSTSEGAVTAVAICCRSRHLAQASQELQ;97533107;1;1,66414E+16;4,80424E+13;Q8NBP7;PCSK9
P30403_pep_1;AYLDSICDPER;A0A5B9;DLKNVFPPKVAVFEPSEAEISHTQKATLVCLATGFYPDHVELSWWVNGKEVHSGVSTDPQPLKEQPALNDSRYCLSSRLRVSATFWQNPRNHFRCQVQFYGLSENDEWTQDRAKPVTQIVSAEAWGRADCGFTSESYQQGVLSATILYEILLGKATLYAVLVSALVLMAMVKRKDSRG;9750234;1;1,65079E+16;4,93909E+14;A0A5B9;TRBC2
P81397_pep_8;FCTEQEKEAHLVSMENR;A0A5B9;DLKNVFPPKVAVFEPSEAEISHTQKATLVCLATGFYPDHVELSWWVNGKEVHSGVSTDPQPLKEQPALNDSRYCLSSRLRVSATFWQNPRNHFRCQVQFYGLSENDEWTQDRAKPVTQIVSAEAWGRADCGFTSESYQQGVLSATILYEILLGKATLYAVLVSALVLMAMVKRKDSRG;9749683;1;1,6484E+16;4,96355E+14;A0A5B9;TRBC2
